Date,stock_correlation,vix
2006-03-30,0.42966877488310296,11.569999694824219
2006-03-31,0.43687177263114607,11.390000343322754
2006-04-03,0.43828946609558656,11.569999694824219
2006-04-04,0.4358121846209159,11.140000343322754
2006-04-05,0.4363165973921853,11.130000114440918
2006-04-06,0.4294039608631219,11.449999809265137
2006-04-07,0.4425501070286192,12.260000228881836
2006-04-10,0.4385884806818727,12.1899995803833
2006-04-11,0.44140983759182084,13.0
2006-04-12,0.445758289194542,12.760000228881836
2006-04-13,0.4519094711953159,12.380000114440918
2006-04-17,0.45707385081192803,12.579999923706055
2006-04-18,0.4546491875806823,11.399999618530273
2006-04-19,0.4551555263579473,11.319999694824219
2006-04-20,0.45594994480767187,11.640000343322754
2006-04-21,0.4530833119040497,11.59000015258789
2006-04-24,0.4553981724618582,11.75
2006-04-25,0.45156635957131847,11.75
2006-04-26,0.45798729683341544,11.760000228881836
2006-04-27,0.44559804625090116,11.84000015258789
2006-04-28,0.42393264095075345,11.59000015258789
2006-05-01,0.4150051554379872,12.539999961853027
2006-05-02,0.40999918453472733,11.989999771118164
2006-05-03,0.41354139399074674,11.989999771118164
2006-05-04,0.40589904861366966,11.859999656677246
2006-05-05,0.41251720863942687,11.619999885559082
2006-05-08,0.4116591832741867,12.0
2006-05-09,0.4098333768446669,11.989999771118164
2006-05-10,0.40224560966879724,11.779999732971191
2006-05-11,0.4231562054765373,12.489999771118164
2006-05-12,0.43941996599059446,14.1899995803833
2006-05-15,0.42894895918643716,13.569999694824219
2006-05-16,0.42961507022531087,13.350000381469727
2006-05-17,0.4625730230435844,16.260000228881836
2006-05-18,0.47098170148179924,16.989999771118164
2006-05-19,0.4686688942534863,17.18000030517578
2006-05-22,0.4651272668814336,17.719999313354492
2006-05-23,0.465949320137646,18.260000228881836
2006-05-24,0.4527835854599195,17.360000610351562
2006-05-25,0.45771541423293527,15.5
2006-05-26,0.4600428404484574,14.260000228881836
2006-05-30,0.49307655167612785,18.65999984741211
2006-05-31,0.4912774967200087,16.440000534057617
2006-06-01,0.4967987649853776,14.520000457763672
2006-06-02,0.4965393914569026,14.319999694824219
2006-06-05,0.5278395989729413,16.649999618530273
2006-06-06,0.5237329575910248,17.34000015258789
2006-06-07,0.523985700994775,17.799999237060547
2006-06-08,0.5240750940421409,18.350000381469727
2006-06-09,0.526670362306628,18.1200008392334
2006-06-12,0.5372900801783584,20.959999084472656
2006-06-13,0.5370543710337182,23.809999465942383
2006-06-14,0.5345526583868159,21.459999084472656
2006-06-15,0.5558151930603151,15.899999618530273
2006-06-16,0.5539263047319252,17.25
2006-06-19,0.5574951249040258,17.829999923706055
2006-06-20,0.5568368426136463,16.690000534057617
2006-06-21,0.5653162090288938,15.520000457763672
2006-06-22,0.5606481378331383,15.880000114440918
2006-06-23,0.5582278307791271,15.890000343322754
2006-06-26,0.5642052330123759,15.619999885559082
2006-06-27,0.5643178832801534,16.399999618530273
2006-06-28,0.5652967045609326,15.789999961853027
2006-06-29,0.5911977720608322,13.029999732971191
2006-06-30,0.5960404428353154,13.079999923706055
2006-07-03,0.6073094797409866,13.050000190734863
2006-07-05,0.6017029041117424,14.149999618530273
2006-07-06,0.6013322754380329,13.649999618530273
2006-07-07,0.5956635501906693,13.970000267028809
2006-07-10,0.597073187780771,14.020000457763672
2006-07-11,0.5976317280876045,13.140000343322754
2006-07-12,0.6067906712272719,14.489999771118164
2006-07-13,0.5955849973396862,17.790000915527344
2006-07-14,0.5911176216795717,18.049999237060547
2006-07-17,0.586614550198312,18.639999389648438
2006-07-18,0.5911042628910764,17.739999771118164
2006-07-19,0.6001160614104599,15.550000190734863
2006-07-20,0.5904612171562305,16.209999084472656
2006-07-21,0.5877697127677749,17.399999618530273
2006-07-24,0.603207996296504,14.979999542236328
2006-07-25,0.6139706996526133,14.850000381469727
2006-07-26,0.6131978643229951,14.619999885559082
2006-07-27,0.6112872430603394,14.9399995803833
2006-07-28,0.616873538527346,14.329999923706055
2006-07-31,0.6165545280100063,14.949999809265137
2006-08-01,0.6133169160997812,15.050000190734863
2006-08-02,0.6135555441787275,14.34000015258789
2006-08-03,0.6117435100874504,14.460000038146973
2006-08-04,0.6127207742345233,14.34000015258789
2006-08-07,0.6052948922972871,15.229999542236328
2006-08-08,0.6018060998057558,15.229999542236328
2006-08-09,0.5864780735490468,15.199999809265137
2006-08-10,0.5860088467267331,14.460000038146973
2006-08-11,0.57542589798141,14.300000190734863
2006-08-14,0.5695385347985467,14.260000228881836
2006-08-15,0.5727631704992305,13.420000076293945
2006-08-16,0.5713489648656467,12.40999984741211
2006-08-17,0.5714273295635663,12.239999771118164
2006-08-18,0.5735295753825671,11.640000343322754
2006-08-21,0.5686706434859722,12.220000267028809
2006-08-22,0.5693384702189153,12.1899995803833
2006-08-23,0.5528495970643765,12.399999618530273
2006-08-24,0.552911595554407,12.399999618530273
2006-08-25,0.5498166643136443,12.3100004196167
2006-08-28,0.5490791102373026,12.180000305175781
2006-08-29,0.5223058214828202,12.279999732971191
2006-08-30,0.5232260968585682,12.220000267028809
2006-08-31,0.5204932302419334,12.3100004196167
2006-09-01,0.5228491388065517,11.960000038146973
2006-09-05,0.5182976274301462,12.630000114440918
2006-09-06,0.5125392150241901,13.739999771118164
2006-09-07,0.5099367749617618,13.880000114440918
2006-09-08,0.5114278248999928,13.15999984741211
2006-09-11,0.4835302849924513,12.989999771118164
2006-09-12,0.4814925258440817,11.920000076293945
2006-09-13,0.4750889100990494,11.180000305175781
2006-09-14,0.4759159706565098,11.550000190734863
2006-09-15,0.4677574030273699,11.760000228881836
2006-09-18,0.4662850698304239,11.779999732971191
2006-09-19,0.46560881311398433,11.979999542236328
2006-09-20,0.4598063691908479,11.390000343322754
2006-09-21,0.4539883184835641,12.25
2006-09-22,0.45328546226594624,12.59000015258789
2006-09-25,0.41771520840595944,12.119999885559082
2006-09-26,0.4218894684657303,11.529999732971191
2006-09-27,0.4147509789953167,11.579999923706055
2006-09-28,0.4109524901529902,11.720000267028809
2006-09-29,0.4122940442778429,11.979999542236328
2006-10-02,0.4090296839909932,12.569999694824219
2006-10-03,0.40217365851916914,12.239999771118164
2006-10-04,0.4138137588745402,11.859999656677246
2006-10-05,0.3880063000066173,11.979999542236328
2006-10-06,0.37793577797251005,11.5600004196167
2006-10-09,0.3802709215213698,11.680000305175781
2006-10-10,0.38316570642662506,11.520000457763672
2006-10-11,0.38697187281414097,11.619999885559082
2006-10-12,0.3565993695521462,11.09000015258789
2006-10-13,0.36328275354923323,10.75
2006-10-16,0.36253212296619997,11.09000015258789
2006-10-17,0.32388898962069657,11.729999542236328
2006-10-18,0.33184465857059386,11.34000015258789
2006-10-19,0.32796359529373537,10.899999618530273
2006-10-20,0.2910533023147728,10.630000114440918
2006-10-23,0.2840876608217428,11.079999923706055
2006-10-24,0.2848909661803737,10.779999732971191
2006-10-25,0.27789149252603756,10.65999984741211
2006-10-26,0.27588748472232644,10.5600004196167
2006-10-27,0.29581734189174347,10.800000190734863
2006-10-30,0.29750717858859455,11.199999809265137
2006-10-31,0.29726726424179656,11.100000381469727
2006-11-01,0.30099278619692993,11.510000228881836
2006-11-02,0.3220388311391245,11.420000076293945
2006-11-03,0.3213046155980375,11.15999984741211
2006-11-06,0.33223541333203865,11.15999984741211
2006-11-07,0.3333583817174125,11.09000015258789
2006-11-08,0.320229027238934,10.75
2006-11-09,0.3101151085640145,11.010000228881836
2006-11-10,0.3093733193862619,10.789999961853027
2006-11-13,0.31011885663896993,10.859999656677246
2006-11-14,0.3166588891845161,10.5
2006-11-15,0.3152579360491757,10.3100004196167
2006-11-16,0.3016134176854524,10.15999984741211
2006-11-17,0.3015907178788531,10.050000190734863
2006-11-20,0.30137549718978124,9.970000267028809
2006-11-21,0.2982916569412284,9.899999618530273
2006-11-22,0.3004652309651194,10.140000343322754
2006-11-24,0.30342901099070324,10.729999542236328
2006-11-27,0.3481952380652186,12.300000190734863
2006-11-28,0.3444423559208278,11.619999885559082
2006-11-29,0.35739777232424197,10.829999923706055
2006-11-30,0.3459718542742212,10.90999984741211
2006-12-01,0.34657366499817976,11.65999984741211
2006-12-04,0.35369662128175455,11.229999542236328
2006-12-05,0.35791382717099685,11.270000457763672
2006-12-06,0.3570648497682231,11.329999923706055
2006-12-07,0.36125368153183857,12.670000076293945
2006-12-08,0.35884311646161,12.069999694824219
2006-12-11,0.35870154315714864,10.710000038146973
2006-12-12,0.3604317787767167,10.649999618530273
2006-12-13,0.3596369880593717,10.180000305175781
2006-12-14,0.3691789421835906,9.970000267028809
2006-12-15,0.3620819714822806,10.050000190734863
2006-12-18,0.3571620143166955,10.600000381469727
2006-12-19,0.3464799020734099,10.300000190734863
2006-12-20,0.32815327673974715,10.260000228881836
2006-12-21,0.33473616207996304,10.529999732971191
2006-12-22,0.34828794573371763,11.359999656677246
2006-12-26,0.3480794226819194,11.260000228881836
2006-12-27,0.3479210890240553,10.640000343322754
2006-12-28,0.3633363559312333,10.989999771118164
2006-12-29,0.3445231932733261,11.5600004196167
2007-01-03,0.33279082294224754,12.039999961853027
2007-01-04,0.3226012222311677,11.510000228881836
2007-01-05,0.3255598865292577,12.140000343322754
2007-01-08,0.32660662048493316,12.0
2007-01-09,0.3166201584317601,11.90999984741211
2007-01-10,0.3043510239177995,11.470000267028809
2007-01-11,0.2985117043694691,10.869999885559082
2007-01-12,0.30300130810893644,10.149999618530273
2007-01-16,0.2979376839137332,10.739999771118164
2007-01-17,0.29478598011480783,10.59000015258789
2007-01-18,0.30825534886199357,10.850000381469727
2007-01-19,0.3416495909632672,10.399999618530273
2007-01-22,0.3357311131918251,10.770000457763672
2007-01-23,0.3368473663632142,10.34000015258789
2007-01-24,0.3474457469766581,9.890000343322754
2007-01-25,0.3799775344097734,11.220000267028809
2007-01-26,0.3650510294535978,11.130000114440918
2007-01-29,0.3657242902513903,11.449999809265137
2007-01-30,0.3534008855983525,10.960000038146973
2007-01-31,0.35271514794867065,10.420000076293945
2007-02-01,0.3539738362176309,10.3100004196167
2007-02-02,0.35497818578556306,10.079999923706055
2007-02-05,0.3428323745759093,10.550000190734863
2007-02-06,0.3462467105294777,10.649999618530273
2007-02-07,0.3434389619287942,10.319999694824219
2007-02-08,0.35077431866330466,10.4399995803833
2007-02-09,0.3574753069410431,11.100000381469727
2007-02-12,0.36048496828109133,11.609999656677246
2007-02-13,0.3607012739212213,10.34000015258789
2007-02-14,0.3671813608314596,10.229999542236328
2007-02-15,0.37252747116078566,10.220000267028809
2007-02-16,0.37367727171119114,10.020000457763672
2007-02-20,0.3710141955962779,10.239999771118164
2007-02-21,0.37468236739148286,10.199999809265137
2007-02-22,0.37496883688275506,10.180000305175781
2007-02-23,0.37597970479649573,10.579999923706055
2007-02-26,0.33418980458738384,11.149999618530273
2007-02-27,0.5194695257602542,18.309999465942383
2007-02-28,0.50988242736362,15.420000076293945
2007-03-01,0.5111875234863414,15.819999694824219
2007-03-02,0.5233270506361637,18.610000610351562
2007-03-05,0.5194414012236301,19.6299991607666
2007-03-06,0.5409983942676384,15.960000038146973
2007-03-07,0.5397416936677575,15.239999771118164
2007-03-08,0.5414389929832806,14.289999961853027
2007-03-09,0.54342263831872,14.09000015258789
2007-03-12,0.5471724170794924,13.989999771118164
2007-03-13,0.5688099112302301,18.1299991607666
2007-03-14,0.5748628255359658,17.270000457763672
2007-03-15,0.5711748714138902,16.43000030517578
2007-03-16,0.5752453325949614,16.790000915527344
2007-03-19,0.588495763893885,14.59000015258789
2007-03-20,0.590869481822758,13.270000457763672
2007-03-21,0.6105343375199879,12.1899995803833
2007-03-22,0.6057606599735799,12.930000305175781
2007-03-23,0.6019347915526576,12.949999809265137
2007-03-26,0.6014417695426245,13.15999984741211
2007-03-27,0.6003329580761986,13.479999542236328
2007-03-28,0.6038633149153314,14.979999542236328
2007-03-29,0.6055933093573612,15.140000343322754
2007-03-30,0.6190420412634455,14.640000343322754
2007-04-02,0.6239211300921058,14.529999732971191
2007-04-03,0.6267022984783612,13.460000038146973
2007-04-04,0.6268086350876285,13.239999771118164
2007-04-05,0.6338544482335546,13.229999542236328
2007-04-09,0.6402456504558351,13.140000343322754
2007-04-10,0.6472095867311827,12.680000305175781
2007-04-11,0.6530798737089014,13.489999771118164
2007-04-12,0.6593254017858705,12.710000038146973
2007-04-13,0.6676969982323389,12.199999809265137
2007-04-16,0.6701844823150966,11.979999542236328
2007-04-17,0.6744354249161797,12.140000343322754
2007-04-18,0.6659563346575597,12.420000076293945
2007-04-19,0.6690483166667511,12.539999961853027
2007-04-20,0.6707705124309635,12.069999694824219
2007-04-23,0.6608473926225342,13.039999961853027
2007-04-24,0.6625551921750319,13.119999885559082
2007-04-25,0.6678402450114682,13.210000038146973
2007-04-26,0.6711095694173662,12.789999961853027
2007-04-27,0.6658820762442785,12.449999809265137
2007-04-30,0.6633613513309532,14.220000267028809
2007-05-01,0.6631624504863323,13.510000228881836
2007-05-02,0.6643607368293736,13.079999923706055
2007-05-03,0.6645148282189977,13.09000015258789
2007-05-04,0.6666121006448598,12.90999984741211
2007-05-07,0.6692014778523543,13.149999618530273
2007-05-08,0.66682149566471,13.210000038146973
2007-05-09,0.6592787415493394,12.880000114440918
2007-05-10,0.6679637303685693,13.600000381469727
2007-05-11,0.6727767736169459,12.949999809265137
2007-05-14,0.6757294120676767,13.960000038146973
2007-05-15,0.6750618635994547,14.010000228881836
2007-05-16,0.6811327072892885,13.5
2007-05-17,0.6800526926482255,13.510000228881836
2007-05-18,0.6805508492410235,12.760000228881836
2007-05-21,0.6778852818148551,13.300000190734863
2007-05-22,0.6773557564093646,13.0600004196167
2007-05-23,0.5779270181497616,13.239999771118164
2007-05-24,0.5855461202110782,14.079999923706055
2007-05-25,0.589971326648871,13.34000015258789
2007-05-29,0.5704657432245093,13.529999732971191
2007-05-30,0.5752539504759826,12.829999923706055
2007-05-31,0.5617406526368256,13.050000190734863
2007-06-01,0.5590944877709635,12.779999732971191
2007-06-04,0.5545004821151287,13.289999961853027
2007-06-05,0.5574385511902303,13.630000114440918
2007-06-06,0.564470173661092,14.869999885559082
2007-06-07,0.5581553724792454,17.059999465942383
2007-06-08,0.5625607753915005,14.84000015258789
2007-06-11,0.5640005501050578,14.710000038146973
2007-06-12,0.5684856752346706,16.670000076293945
2007-06-13,0.5737104519744569,14.729999542236328
2007-06-14,0.5691360707177111,13.640000343322754
2007-06-15,0.544573971646493,13.9399995803833
2007-06-18,0.549418932962363,13.420000076293945
2007-06-19,0.5427856485863629,12.850000381469727
2007-06-20,0.5548788628913396,14.670000076293945
2007-06-21,0.5527738512256414,14.210000038146973
2007-06-22,0.5592549573919977,15.75
2007-06-25,0.558743012336405,16.649999618530273
2007-06-26,0.558656887957078,18.889999389648438
2007-06-27,0.5647279489792314,15.529999732971191
2007-06-28,0.5620414271151992,15.539999961853027
2007-06-29,0.562148188016218,16.229999542236328
2007-07-02,0.566979678067035,15.399999618530273
2007-07-03,0.5678406740429638,14.920000076293945
2007-07-05,0.5683537222726492,15.479999542236328
2007-07-06,0.5616668772395212,14.720000267028809
2007-07-09,0.5576050639971288,15.15999984741211
2007-07-10,0.5631075175051309,17.56999969482422
2007-07-11,0.5624950169386416,16.639999389648438
2007-07-12,0.5977499254612301,15.539999961853027
2007-07-13,0.6096919330158984,15.149999618530273
2007-07-16,0.607781795978605,15.59000015258789
2007-07-17,0.5989544926946379,15.630000114440918
2007-07-18,0.5900227115033356,16.0
2007-07-19,0.5873117204078229,15.229999542236328
2007-07-20,0.5841320330023007,16.950000762939453
2007-07-23,0.5873866958322875,16.809999465942383
2007-07-24,0.6117739013656207,18.549999237060547
2007-07-25,0.6139736021872043,18.100000381469727
2007-07-26,0.6304493578313048,20.739999771118164
2007-07-27,0.6349684213144686,24.170000076293945
2007-07-30,0.6371784401346346,20.8700008392334
2007-07-31,0.6449524844753931,23.520000457763672
2007-08-01,0.6462252129322275,23.670000076293945
2007-08-02,0.6447251008682601,21.219999313354492
2007-08-03,0.6724994449593041,25.15999984741211
2007-08-06,0.6722813317670893,22.940000534057617
2007-08-07,0.6689701937505431,21.559999465942383
2007-08-08,0.6717045729213639,21.450000762939453
2007-08-09,0.6954562593885989,26.479999542236328
2007-08-10,0.6906391738379332,28.299999237060547
2007-08-13,0.6904622033653942,26.56999969482422
2007-08-14,0.6934271565194278,27.68000030517578
2007-08-15,0.6964709307394028,30.670000076293945
2007-08-16,0.6799814438210625,30.829999923706055
2007-08-17,0.6955189419393264,29.989999771118164
2007-08-20,0.6938665393770355,26.329999923706055
2007-08-21,0.6902776348060657,25.25
2007-08-22,0.6918460334055758,22.889999389648438
2007-08-23,0.6889169393938349,22.6200008392334
2007-08-24,0.6937012252441394,20.719999313354492
2007-08-27,0.6966781719252332,22.719999313354492
2007-08-28,0.7109146917052793,26.299999237060547
2007-08-29,0.7197726769720469,23.809999465942383
2007-08-30,0.7188319782590786,25.059999465942383
2007-08-31,0.714707203337354,23.3799991607666
2007-09-04,0.7130220553555735,22.780000686645508
2007-09-05,0.7166075314378084,24.579999923706055
2007-09-06,0.7133103602066313,23.989999771118164
2007-09-07,0.7142959199962098,26.229999542236328
2007-09-10,0.7136043154812289,27.3799991607666
2007-09-11,0.7171193735101905,25.270000457763672
2007-09-12,0.7168333766196209,24.959999084472656
2007-09-13,0.718893421473229,24.760000228881836
2007-09-14,0.7165615661225273,24.920000076293945
2007-09-17,0.7154676537329203,26.479999542236328
2007-09-18,0.7257775852019923,20.350000381469727
2007-09-19,0.7257605259648506,20.030000686645508
2007-09-20,0.7260727783046114,20.450000762939453
2007-09-21,0.7250718683665782,19.0
2007-09-24,0.7239131239017337,19.3700008392334
2007-09-25,0.7209395930384799,18.600000381469727
2007-09-26,0.7191189280161733,17.6299991607666
2007-09-27,0.720246951942988,17.0
2007-09-28,0.720944974684101,18.0
2007-10-01,0.7232098239979969,17.84000015258789
2007-10-02,0.7224153823507264,18.489999771118164
2007-10-03,0.7228472264017326,18.799999237060547
2007-10-04,0.7232486370546594,18.440000534057617
2007-10-05,0.7134420641771475,16.90999984741211
2007-10-08,0.712960185271936,17.459999084472656
2007-10-09,0.7144010265947323,16.1200008392334
2007-10-10,0.7156670331342682,16.670000076293945
2007-10-11,0.7200384958249093,18.8799991607666
2007-10-12,0.7206427838106728,17.729999542236328
2007-10-15,0.7212473834549773,19.25
2007-10-16,0.7203549647752359,20.020000457763672
2007-10-17,0.709803894766529,18.540000915527344
2007-10-18,0.7099964487485247,18.5
2007-10-19,0.719178811287025,22.959999084472656
2007-10-22,0.7141311303304746,21.639999389648438
2007-10-23,0.7102692444175396,20.40999984741211
2007-10-24,0.7061449321685572,20.799999237060547
2007-10-25,0.7010920482782319,21.170000076293945
2007-10-26,0.696639295234069,19.559999465942383
2007-10-29,0.6807531188201342,19.8700008392334
2007-10-30,0.6673292976450068,21.06999969482422
2007-10-31,0.6692009277943698,18.530000686645508
2007-11-01,0.6821219236615027,23.209999084472656
2007-11-02,0.6576692594755517,23.010000228881836
2007-11-05,0.6595908346933488,24.309999465942383
2007-11-06,0.6641230140352743,21.389999389648438
2007-11-07,0.6803484466618801,26.489999771118164
2007-11-08,0.6546917436742508,26.15999984741211
2007-11-09,0.6720381740081084,28.5
2007-11-12,0.6517563436996701,31.09000015258789
2007-11-13,0.6752484724455348,24.100000381469727
2007-11-14,0.6768441223595285,25.940000534057617
2007-11-15,0.6795242165771231,28.059999465942383
2007-11-16,0.6777221884146576,25.489999771118164
2007-11-19,0.6769303891664286,26.010000228881836
2007-11-20,0.6731659028896443,24.8799991607666
2007-11-21,0.6653850798290868,26.84000015258789
2007-11-23,0.6613406221347727,25.610000610351562
2007-11-26,0.6730465002731039,28.90999984741211
2007-11-27,0.6725990492692099,26.280000686645508
2007-11-28,0.6835495704138481,24.110000610351562
2007-11-29,0.6802315825694101,23.969999313354492
2007-11-30,0.6760058086915924,22.8700008392334
2007-12-03,0.6706000595978833,23.610000610351562
2007-12-04,0.6709981914980048,23.790000915527344
2007-12-05,0.6732443687378612,22.530000686645508
2007-12-06,0.6785397811653224,20.959999084472656
2007-12-07,0.6773795464566518,20.850000381469727
2007-12-10,0.6773937063080463,20.739999771118164
2007-12-11,0.6867622427631288,23.59000015258789
2007-12-12,0.6716649619337739,22.469999313354492
2007-12-13,0.6703851467461255,22.559999465942383
2007-12-14,0.6727887070959075,23.270000457763672
2007-12-17,0.6765067677539423,24.520000457763672
2007-12-18,0.6750995061633722,22.639999389648438
2007-12-19,0.6782573672850596,21.68000030517578
2007-12-20,0.6771938151539264,20.579999923706055
2007-12-21,0.6832548582698732,18.469999313354492
2007-12-24,0.6845658190231652,18.600000381469727
2007-12-26,0.6805233938288044,18.65999984741211
2007-12-27,0.6864018332163697,20.260000228881836
2007-12-28,0.6864696767565,20.739999771118164
2007-12-31,0.6864528545403498,22.5
2008-01-02,0.6889527783341409,23.170000076293945
2008-01-03,0.6884893616931947,22.489999771118164
2008-01-04,0.6931648151186811,23.940000534057617
2008-01-07,0.6896419009708151,23.790000915527344
2008-01-08,0.6946005949449248,25.43000030517578
2008-01-09,0.6988309971515541,24.1200008392334
2008-01-10,0.6981682753809412,23.450000762939453
2008-01-11,0.7033460585955289,23.68000030517578
2008-01-14,0.7046385758529008,22.899999618530273
2008-01-15,0.716453128656689,23.34000015258789
2008-01-16,0.6939633345515402,24.3799991607666
2008-01-17,0.7017823341742413,28.459999084472656
2008-01-18,0.7000478212590825,27.18000030517578
2008-01-22,0.6870861668714008,31.010000228881836
2008-01-23,0.6809818702361511,29.020000457763672
2008-01-24,0.6756450140347187,27.780000686645508
2008-01-25,0.6795810523144956,29.079999923706055
2008-01-28,0.6891978130617196,27.780000686645508
2008-01-29,0.6836010167009748,27.31999969482422
2008-01-30,0.6757357294688815,27.6200008392334
2008-01-31,0.6810269525589906,26.200000762939453
2008-02-01,0.676096336295036,24.020000457763672
2008-02-04,0.6732308066863,25.989999771118164
2008-02-05,0.6750227978623338,28.239999771118164
2008-02-06,0.6870784533919558,28.969999313354492
2008-02-07,0.6855544149193523,27.65999984741211
2008-02-08,0.6860246352252206,28.010000228881836
2008-02-11,0.671284518430493,27.600000381469727
2008-02-12,0.6703773020768715,26.329999923706055
2008-02-13,0.6713919273512128,24.8799991607666
2008-02-14,0.6746719392010859,25.540000915527344
2008-02-15,0.673030684944301,25.020000457763672
2008-02-19,0.6737060524776448,25.59000015258789
2008-02-20,0.6710604522885731,24.399999618530273
2008-02-21,0.666930502597895,25.1200008392334
2008-02-22,0.6600077525491642,24.059999465942383
2008-02-25,0.6596289149808703,23.030000686645508
2008-02-26,0.6457379354848106,21.899999618530273
2008-02-27,0.643286849243136,22.690000534057617
2008-02-28,0.641395647914491,23.530000686645508
2008-02-29,0.6553268869901626,26.540000915527344
2008-03-03,0.6548401738080162,26.280000686645508
2008-03-04,0.6463868205789477,25.520000457763672
2008-03-05,0.6407090770548854,24.600000381469727
2008-03-06,0.6448416158014195,27.549999237060547
2008-03-07,0.6394610098684552,27.489999771118164
2008-03-10,0.6348389068815694,29.3799991607666
2008-03-11,0.6647237356814826,26.360000610351562
2008-03-12,0.6613049056487781,27.219999313354492
2008-03-13,0.6606492234902921,27.290000915527344
2008-03-14,0.6605917408855555,31.15999984741211
2008-03-17,0.655945639637919,32.2400016784668
2008-03-18,0.6796213591864946,25.790000915527344
2008-03-19,0.683372435520755,29.84000015258789
2008-03-20,0.6824299703156531,26.6200008392334
2008-03-24,0.6816170291358077,25.729999542236328
2008-03-25,0.6811725072965579,25.719999313354492
2008-03-26,0.674397176935313,26.079999923706055
2008-03-27,0.6761337535007637,25.8799991607666
2008-03-28,0.6758279325903462,25.709999084472656
2008-03-31,0.6758522314159087,25.610000610351562
2008-04-01,0.6888309922274102,22.68000030517578
2008-04-02,0.6828871165407364,23.43000030517578
2008-04-03,0.6851093075341781,23.209999084472656
2008-04-04,0.6823283296836571,22.450000762939453
2008-04-07,0.6800423868591994,22.420000076293945
2008-04-08,0.6801294610021302,22.360000610351562
2008-04-09,0.6752218123575429,22.809999465942383
2008-04-10,0.6731853812226698,21.979999542236328
2008-04-11,0.6590742672279211,23.459999084472656
2008-04-14,0.6683987648837065,23.81999969482422
2008-04-15,0.6616127096843124,22.780000686645508
2008-04-16,0.667890279681312,20.530000686645508
2008-04-17,0.6766287639533998,20.3700008392334
2008-04-18,0.6843424810389378,20.1299991607666
2008-04-21,0.6887248946806996,20.5
2008-04-22,0.6834072520988576,20.8700008392334
2008-04-23,0.6782793375207643,20.260000228881836
2008-04-24,0.6752755264435893,20.059999465942383
2008-04-25,0.6727713314815549,19.59000015258789
2008-04-28,0.6715640759870417,19.639999389648438
2008-04-29,0.6747403820352754,20.239999771118164
2008-04-30,0.6725375353807108,20.790000915527344
2008-05-01,0.6490794832939587,18.8799991607666
2008-05-02,0.648490941800689,18.18000030517578
2008-05-05,0.6524468515874581,18.899999618530273
2008-05-06,0.6555323104309625,18.209999084472656
2008-05-07,0.6615682200174285,19.729999542236328
2008-05-08,0.6628212302439794,19.399999618530273
2008-05-09,0.6623253333439861,19.40999984741211
2008-05-12,0.660417995445959,17.790000915527344
2008-05-13,0.6597892321846599,17.979999542236328
2008-05-14,0.661247147274483,17.65999984741211
2008-05-15,0.6610505683133142,16.299999237060547
2008-05-16,0.6569457068012332,16.469999313354492
2008-05-19,0.6559883349833695,17.010000228881836
2008-05-20,0.6559294851386657,17.579999923706055
2008-05-21,0.6628174275025819,18.59000015258789
2008-05-22,0.6610550603234298,18.049999237060547
2008-05-23,0.6653689748563105,19.549999237060547
2008-05-27,0.6486348393136427,19.639999389648438
2008-05-28,0.6483225215464887,19.06999969482422
2008-05-29,0.6460402502554904,18.139999389648438
2008-05-30,0.6453310987492623,17.829999923706055
2008-06-02,0.6434100557315442,19.829999923706055
2008-06-03,0.6457377597429084,20.239999771118164
2008-06-04,0.6395802497855752,20.799999237060547
2008-06-05,0.6153183360049793,18.6299991607666
2008-06-06,0.6437803367489906,23.559999465942383
2008-06-09,0.6381280323299185,23.1200008392334
2008-06-10,0.6238044853578704,23.18000030517578
2008-06-11,0.6328711812799244,24.1200008392334
2008-06-12,0.5929455788875121,23.329999923706055
2008-06-13,0.5748472351488788,21.219999313354492
2008-06-16,0.5603161616319464,20.950000762939453
2008-06-17,0.5563693242762231,21.1299991607666
2008-06-18,0.5599672908662797,22.239999771118164
2008-06-19,0.5623545414012712,21.579999923706055
2008-06-20,0.5670017524338559,22.8700008392334
2008-06-23,0.5618586746304548,22.639999389648438
2008-06-24,0.5554918340906475,22.420000076293945
2008-06-25,0.5166732566095864,21.139999389648438
2008-06-26,0.5464855629717045,23.93000030517578
2008-06-27,0.5493131948284965,23.440000534057617
2008-06-30,0.5473201525103412,23.950000762939453
2008-07-01,0.5462917554581656,23.649999618530273
2008-07-02,0.5457163189261726,25.920000076293945
2008-07-03,0.5500217512851693,24.780000686645508
2008-07-07,0.5500181182777009,25.780000686645508
2008-07-08,0.5414504948068697,23.149999618530273
2008-07-09,0.5558385643311725,25.229999542236328
2008-07-10,0.5566864096402654,25.59000015258789
2008-07-11,0.5440432663873118,27.489999771118164
2008-07-14,0.5402535047624186,28.479999542236328
2008-07-15,0.5264939638535947,28.540000915527344
2008-07-16,0.5098209354045555,25.100000381469727
2008-07-17,0.5030195250603161,25.010000228881836
2008-07-18,0.5002573938120369,24.049999237060547
2008-07-21,0.5030358258864934,23.049999237060547
2008-07-22,0.5104419246998997,21.18000030517578
2008-07-23,0.5037699578339775,21.309999465942383
2008-07-24,0.5145656089377932,23.440000534057617
2008-07-25,0.5145657022535247,22.90999984741211
2008-07-28,0.524201457084301,24.229999542236328
2008-07-29,0.5329643480826634,22.030000686645508
2008-07-30,0.5432970455637691,21.209999084472656
2008-07-31,0.5475955486191572,22.940000534057617
2008-08-01,0.5408597344996073,22.56999969482422
2008-08-04,0.5391248180712965,23.489999771118164
2008-08-05,0.5532433035397026,21.139999389648438
2008-08-06,0.5494529036380695,20.229999542236328
2008-08-07,0.5491947064405188,21.149999618530273
2008-08-08,0.5585348798152474,20.65999984741211
2008-08-11,0.5567720369776511,20.1200008392334
2008-08-12,0.5529374058601039,21.170000076293945
2008-08-13,0.5503879609514197,21.549999237060547
2008-08-14,0.5492457901034649,20.34000015258789
2008-08-15,0.5432931702004664,19.579999923706055
2008-08-18,0.5473883487470028,20.979999542236328
2008-08-19,0.5441990841182622,21.280000686645508
2008-08-20,0.544454618450055,20.420000076293945
2008-08-21,0.5438475002363513,19.81999969482422
2008-08-22,0.5479721714030453,18.809999465942383
2008-08-25,0.5568529993811212,20.969999313354492
2008-08-26,0.5551543043800571,20.489999771118164
2008-08-27,0.5560419096519346,19.760000228881836
2008-08-28,0.5580769957468914,19.43000030517578
2008-08-29,0.5531536609182268,20.649999618530273
2008-09-02,0.5322358559717404,21.989999771118164
2008-09-03,0.5331531074409617,21.43000030517578
2008-09-04,0.5497514662286418,24.030000686645508
2008-09-05,0.5472489410102144,23.059999465942383
2008-09-08,0.5595758216498555,22.639999389648438
2008-09-09,0.5711816311635353,25.469999313354492
2008-09-10,0.5714554817541443,24.520000457763672
2008-09-11,0.5771070843212557,24.389999389648438
2008-09-12,0.5728670237101576,25.65999984741211
2008-09-15,0.6004186277313163,31.700000762939453
2008-09-16,0.597632611617904,30.299999237060547
2008-09-17,0.6253080297826668,36.220001220703125
2008-09-18,0.6372912619070056,33.099998474121094
2008-09-19,0.6374266276511867,32.06999969482422
2008-09-22,0.6374721724377573,33.849998474121094
2008-09-23,0.6386046633668718,35.720001220703125
2008-09-24,0.6378820924715894,35.189998626708984
2008-09-25,0.6423847466923591,32.81999969482422
2008-09-26,0.6420840835796274,34.7400016784668
2008-09-29,0.6951945422307138,46.720001220703125
2008-09-30,0.7153070331784273,39.38999938964844
2008-10-01,0.713372454003167,39.810001373291016
2008-10-02,0.7147147407344451,45.2599983215332
2008-10-03,0.7139570219732083,45.13999938964844
2008-10-06,0.717710303389542,52.04999923706055
2008-10-07,0.7348777921984019,53.68000030517578
2008-10-08,0.7339938668165316,57.529998779296875
2008-10-09,0.7645203838741469,63.91999816894531
2008-10-10,0.7463081233954137,69.94999694824219
2008-10-13,0.777697774114133,54.9900016784668
2008-10-14,0.7604794085032875,55.130001068115234
2008-10-15,0.7695322493906368,69.25
2008-10-16,0.772294546538443,67.61000061035156
2008-10-17,0.7710341919083795,70.33000183105469
2008-10-20,0.7745117885621674,52.970001220703125
2008-10-21,0.771076109695614,53.11000061035156
2008-10-22,0.7715272593515914,69.6500015258789
2008-10-23,0.7651955972491915,67.80000305175781
2008-10-24,0.7678717981871195,79.12999725341797
2008-10-27,0.7677397931933552,80.05999755859375
2008-10-28,0.7878932534437965,66.95999908447266
2008-10-29,0.782409797626087,69.95999908447266
2008-10-30,0.7811907760211412,62.900001525878906
2008-10-31,0.7814838738398437,59.88999938964844
2008-11-03,0.7799607161231671,53.68000030517578
2008-11-04,0.7820450895752361,47.72999954223633
2008-11-05,0.7874343510579485,54.560001373291016
2008-11-06,0.79093702556125,63.68000030517578
2008-11-07,0.7910217614637105,56.099998474121094
2008-11-10,0.7911015499357481,59.97999954223633
2008-11-11,0.7899135540877145,61.439998626708984
2008-11-12,0.7940888193708314,66.45999908447266
2008-11-13,0.7986306629520181,59.83000183105469
2008-11-14,0.8011254749885437,66.30999755859375
2008-11-17,0.8008792764850339,69.1500015258789
2008-11-18,0.799191742810703,67.63999938964844
2008-11-19,0.8028196394323978,74.26000213623047
2008-11-20,0.8035576909701172,80.86000061035156
2008-11-21,0.8049499768859665,72.66999816894531
2008-11-24,0.8057547464861727,64.69999694824219
2008-11-25,0.8036987628068971,60.900001525878906
2008-11-26,0.8057012889702303,54.91999816894531
2008-11-28,0.8037572741997849,55.279998779296875
2008-12-01,0.8129701168315384,68.51000213623047
2008-12-02,0.8116913899045765,62.97999954223633
2008-12-03,0.8119136569384109,60.720001220703125
2008-12-04,0.8125439716080411,63.63999938964844
2008-12-05,0.8128471201635126,59.93000030517578
2008-12-08,0.8116008525502437,58.4900016784668
2008-12-09,0.8104185132640556,58.90999984741211
2008-12-10,0.8107728151020546,55.72999954223633
2008-12-11,0.8090165658481409,55.779998779296875
2008-12-12,0.8078393849087607,54.279998779296875
2008-12-15,0.8109400317136123,56.7599983215332
2008-12-16,0.8128486342670802,52.369998931884766
2008-12-17,0.8123042498689094,49.84000015258789
2008-12-18,0.8116505228852686,47.34000015258789
2008-12-19,0.8109242162597452,44.93000030517578
2008-12-22,0.8117543885338886,44.560001373291016
2008-12-23,0.8058255725515668,45.02000045776367
2008-12-24,0.8024334839448427,44.209999084472656
2008-12-26,0.8046473263276281,43.380001068115234
2008-12-29,0.8051794103051588,43.900001525878906
2008-12-30,0.8062513730650764,41.630001068115234
2008-12-31,0.8057686956505264,40.0
2009-01-02,0.8042197263630276,39.189998626708984
2009-01-05,0.8044306562372489,39.08000183105469
2009-01-06,0.7974033905706155,38.560001373291016
2009-01-07,0.8104173607029121,43.38999938964844
2009-01-08,0.7984316180249185,42.560001373291016
2009-01-09,0.81262567440669,42.81999969482422
2009-01-12,0.8086410668479498,45.84000015258789
2009-01-13,0.8070887908935571,43.27000045776367
2009-01-14,0.8100455121218444,49.13999938964844
2009-01-15,0.8051257673609991,51.0
2009-01-16,0.8050399429204502,46.11000061035156
2009-01-20,0.8077786508875253,56.650001525878906
2009-01-21,0.8086140156003019,46.41999816894531
2009-01-22,0.8014986876208067,47.290000915527344
2009-01-23,0.7968513287132205,47.27000045776367
2009-01-26,0.7787193142426824,45.689998626708984
2009-01-27,0.782636600431428,42.25
2009-01-28,0.7820709045380924,39.65999984741211
2009-01-29,0.784402446953739,42.630001068115234
2009-01-30,0.7825912653024993,44.84000015258789
2009-02-02,0.7763051785745495,45.52000045776367
2009-02-03,0.768980542628561,43.060001373291016
2009-02-04,0.7641250007242604,43.849998474121094
2009-02-05,0.7642489509481686,43.72999954223633
2009-02-06,0.7658863482534011,43.369998931884766
2009-02-09,0.7606957094903126,43.63999938964844
2009-02-10,0.7635383318358017,46.66999816894531
2009-02-11,0.7562302981092345,44.529998779296875
2009-02-12,0.7481024777796185,41.25
2009-02-13,0.746849165635271,42.93000030517578
2009-02-17,0.7526546725968378,48.65999984741211
2009-02-18,0.7425334823172841,48.459999084472656
2009-02-19,0.7337962644559495,47.08000183105469
2009-02-20,0.7296974677373114,49.29999923706055
2009-02-23,0.7223828523649793,52.619998931884766
2009-02-24,0.7362399179789298,45.4900016784668
2009-02-25,0.7286417846719195,44.66999816894531
2009-02-26,0.7282085539005639,44.65999984741211
2009-02-27,0.6917546999555858,46.349998474121094
2009-03-02,0.6986073942481082,52.650001525878906
2009-03-03,0.6948606698325717,50.93000030517578
2009-03-04,0.6884851531328916,47.560001373291016
2009-03-05,0.6895659568869739,50.16999816894531
2009-03-06,0.6807766462814706,49.33000183105469
2009-03-09,0.6728441185935169,49.68000030517578
2009-03-10,0.7030755474692755,44.369998931884766
2009-03-11,0.700017781554153,43.61000061035156
2009-03-12,0.7071473381416932,41.18000030517578
2009-03-13,0.7077072963196958,42.36000061035156
2009-03-16,0.6974015985998646,43.7400016784668
2009-03-17,0.7031094507780264,40.79999923706055
2009-03-18,0.7044596026421692,40.060001373291016
2009-03-19,0.7033882416595547,43.68000030517578
2009-03-20,0.7037556665321499,45.88999938964844
2009-03-23,0.7317478180305577,43.22999954223633
2009-03-24,0.7318880940897916,42.93000030517578
2009-03-25,0.7316803378888774,42.25
2009-03-26,0.7315621609689149,40.36000061035156
2009-03-27,0.731187403290005,41.040000915527344
2009-03-30,0.7372884731610312,45.540000915527344
2009-03-31,0.7340679313786298,44.13999938964844
2009-04-01,0.7370200240026199,42.279998779296875
2009-04-02,0.7401289893871036,42.040000915527344
2009-04-03,0.7373865797897927,39.70000076293945
2009-04-06,0.7396017850234291,40.93000030517578
2009-04-07,0.7403577034879512,40.38999938964844
2009-04-08,0.7389482592863255,38.849998474121094
2009-04-09,0.7364863678617106,36.529998779296875
2009-04-13,0.7292495850888481,37.810001373291016
2009-04-14,0.7326787139239819,37.66999816894531
2009-04-15,0.7347692749204334,36.16999816894531
2009-04-16,0.7233132546740798,35.790000915527344
2009-04-17,0.7232179642328106,33.939998626708984
2009-04-20,0.7373122419799032,39.18000030517578
2009-04-21,0.7421440552314681,37.13999938964844
2009-04-22,0.7437726092315111,38.099998474121094
2009-04-23,0.7425719755331726,37.150001525878906
2009-04-24,0.7392306457955543,36.81999969482422
2009-04-27,0.736360320753212,38.31999969482422
2009-04-28,0.7377531222133636,37.95000076293945
2009-04-29,0.7443856072469662,36.08000183105469
2009-04-30,0.7463525202140321,36.5
2009-05-01,0.7467860159850996,35.29999923706055
2009-05-04,0.7468853576309521,34.529998779296875
2009-05-05,0.7429627090333757,33.36000061035156
2009-05-06,0.7470558984700035,32.45000076293945
2009-05-07,0.7319629800712708,33.439998626708984
2009-05-08,0.730928133087964,32.04999923706055
2009-05-11,0.7377986830121142,32.869998931884766
2009-05-12,0.7336836370112978,31.799999237060547
2009-05-13,0.729139530533109,33.650001525878906
2009-05-14,0.7301413860277893,31.3700008392334
2009-05-15,0.7342358168203852,33.119998931884766
2009-05-18,0.7380001567162119,30.239999771118164
2009-05-19,0.7322753747316162,28.799999237060547
2009-05-20,0.7253426656482793,29.030000686645508
2009-05-21,0.7279700362422545,31.350000381469727
2009-05-22,0.7305277357661224,32.630001068115234
2009-05-26,0.7322199385906262,30.6200008392334
2009-05-27,0.7222649524386919,32.36000061035156
2009-05-28,0.7249416261930649,31.670000076293945
2009-05-29,0.7322987691169411,28.920000076293945
2009-06-01,0.7193592042276417,30.040000915527344
2009-06-02,0.7233479946002646,29.6299991607666
2009-06-03,0.7322835541012707,31.020000457763672
2009-06-04,0.7114782279111853,30.18000030517578
2009-06-05,0.7157435119445076,29.6200008392334
2009-06-08,0.713540609732934,29.770000457763672
2009-06-09,0.7139461743109186,28.270000457763672
2009-06-10,0.716347719996869,28.459999084472656
2009-06-11,0.71187721611347,28.110000610351562
2009-06-12,0.7125720170570831,28.149999618530273
2009-06-15,0.7197162025793381,30.809999465942383
2009-06-16,0.7204189277852772,32.68000030517578
2009-06-17,0.6693576382189862,31.540000915527344
2009-06-18,0.6649775073364361,30.030000686645508
2009-06-19,0.6648230637579354,27.989999771118164
2009-06-22,0.6727684304136609,31.170000076293945
2009-06-23,0.6665663309443145,30.579999923706055
2009-06-24,0.6435933634390192,29.049999237060547
2009-06-25,0.6468960043862494,26.360000610351562
2009-06-26,0.6431553786734998,25.93000030517578
2009-06-29,0.6368954141472378,25.350000381469727
2009-06-30,0.6382752222802874,26.350000381469727
2009-07-01,0.6384473230802323,26.219999313354492
2009-07-02,0.6385956328295033,27.950000762939453
2009-07-06,0.6384182862601196,29.0
2009-07-07,0.6471356353593742,30.850000381469727
2009-07-08,0.6556094642351209,31.299999237060547
2009-07-09,0.6545648488759118,29.780000686645508
2009-07-10,0.6568223230117117,29.020000457763672
2009-07-13,0.6664905625957295,26.309999465942383
2009-07-14,0.668600105869708,25.020000457763672
2009-07-15,0.6530854001895069,25.889999389648438
2009-07-16,0.6534930283532174,25.420000076293945
2009-07-17,0.6508974589235249,24.34000015258789
2009-07-20,0.649840302932855,24.399999618530273
2009-07-21,0.6538352110511703,23.8700008392334
2009-07-22,0.6535753267284098,23.469999313354492
2009-07-23,0.6542478754410246,23.43000030517578
2009-07-24,0.6409211352098939,23.09000015258789
2009-07-27,0.6452322830066859,24.280000686645508
2009-07-28,0.6473414384814917,25.010000228881836
2009-07-29,0.6471454788900319,25.610000610351562
2009-07-30,0.6487509452585306,25.399999618530273
2009-07-31,0.6540152343686277,25.920000076293945
2009-08-03,0.6575290866420087,25.559999465942383
2009-08-04,0.65909999613555,24.889999389648438
2009-08-05,0.6501586735021154,24.899999618530273
2009-08-06,0.6555429622875406,25.670000076293945
2009-08-07,0.643075099338918,24.760000228881836
2009-08-10,0.6429216387738463,24.989999771118164
2009-08-11,0.6430714614907085,25.989999771118164
2009-08-12,0.6204267245591597,25.450000762939453
2009-08-13,0.6221142672338738,24.709999084472656
2009-08-14,0.6254705454284624,24.270000457763672
2009-08-17,0.6327858161769703,27.889999389648438
2009-08-18,0.6333134598187125,26.18000030517578
2009-08-19,0.625571267298387,26.260000228881836
2009-08-20,0.6202562155858006,25.09000015258789
2009-08-21,0.6200757591663082,25.010000228881836
2009-08-24,0.6189287521171762,25.139999389648438
2009-08-25,0.6115522945773855,24.920000076293945
2009-08-26,0.6162681691079108,24.950000762939453
2009-08-27,0.61403204713337,24.68000030517578
2009-08-28,0.6079929132070129,24.760000228881836
2009-08-31,0.610288332962649,26.010000228881836
2009-09-01,0.6228850832040409,29.149999618530273
2009-09-02,0.6226274379007654,28.899999618530273
2009-09-03,0.6239923499970627,27.100000381469727
2009-09-04,0.6315964229277943,25.260000228881836
2009-09-08,0.6362720051078115,25.6200008392334
2009-09-09,0.6191133275562603,24.31999969482422
2009-09-10,0.6129217444646724,23.549999237060547
2009-09-11,0.6129848873369268,24.149999618530273
2009-09-14,0.6154285232687237,23.860000610351562
2009-09-15,0.6150959699174939,23.420000076293945
2009-09-16,0.5928440670730091,23.690000534057617
2009-09-17,0.596677620460641,23.649999618530273
2009-09-18,0.5976115012761036,23.920000076293945
2009-09-21,0.5911572163632228,24.059999465942383
2009-09-22,0.5917884157549336,23.079999923706055
2009-09-23,0.5944689422282461,23.489999771118164
2009-09-24,0.5935703995668355,24.950000762939453
2009-09-25,0.5970876803412392,25.610000610351562
2009-09-28,0.5817494841363968,24.8799991607666
2009-09-29,0.5848194653348001,25.190000534057617
2009-09-30,0.5730334213078105,25.610000610351562
2009-10-01,0.5957427084550775,28.270000457763672
2009-10-02,0.5910218416197839,28.68000030517578
2009-10-05,0.5918685004457493,26.84000015258789
2009-10-06,0.5793281444244474,25.700000762939453
2009-10-07,0.5785977027013925,24.68000030517578
2009-10-08,0.5402705869223062,24.18000030517578
2009-10-09,0.5398753054617498,23.1200008392334
2009-10-12,0.5430987408511118,23.010000228881836
2009-10-13,0.5461021044629695,22.989999771118164
2009-10-14,0.5565198499342187,22.860000610351562
2009-10-15,0.5547426330948425,21.719999313354492
2009-10-16,0.552154074239515,21.43000030517578
2009-10-19,0.5606732368354164,21.489999771118164
2009-10-20,0.5582443275412635,20.899999618530273
2009-10-21,0.5592950730237521,22.219999313354492
2009-10-22,0.5597529441486031,20.690000534057617
2009-10-23,0.5577184673540208,22.270000457763672
2009-10-26,0.5667215287040844,24.309999465942383
2009-10-27,0.560655781346685,24.829999923706055
2009-10-28,0.5773543601122018,27.90999984741211
2009-10-29,0.6027123343672529,24.760000228881836
2009-10-30,0.632997739807325,30.690000534057617
2009-11-02,0.63651507972405,29.780000686645508
2009-11-03,0.6371524950836078,28.809999465942383
2009-11-04,0.6314094660549714,27.719999313354492
2009-11-05,0.6410992908813677,25.43000030517578
2009-11-06,0.6416819729955695,24.190000534057617
2009-11-09,0.6509114331606896,23.149999618530273
2009-11-10,0.6351457911774834,22.84000015258789
2009-11-11,0.6354040502988836,23.040000915527344
2009-11-12,0.6413121252843882,24.239999771118164
2009-11-13,0.6402524154636526,23.360000610351562
2009-11-16,0.6352763953302892,22.889999389648438
2009-11-17,0.6384751018454684,22.40999984741211
2009-11-18,0.6390211415919003,21.6299991607666
2009-11-19,0.6454493780743678,22.6299991607666
2009-11-20,0.652147116193906,22.190000534057617
2009-11-23,0.6590273452635504,21.15999984741211
2009-11-24,0.6601845220809702,20.469999313354492
2009-11-25,0.6438213702048614,20.479999542236328
2009-11-27,0.6579068900025121,24.739999771118164
2009-11-30,0.6566949949301263,24.510000228881836
2009-12-01,0.6536804729664678,21.920000076293945
2009-12-02,0.6535328498465961,21.1200008392334
2009-12-03,0.658398351130171,22.459999084472656
2009-12-04,0.6588740728223604,21.25
2009-12-07,0.6619211043815115,22.100000381469727
2009-12-08,0.6700978278735441,23.690000534057617
2009-12-09,0.6694534186100431,22.65999984741211
2009-12-10,0.6664720714997527,22.31999969482422
2009-12-11,0.6672279369539336,21.59000015258789
2009-12-14,0.6642007527753693,21.149999618530273
2009-12-15,0.6660714623175619,21.489999771118164
2009-12-16,0.6652383535254907,20.540000915527344
2009-12-17,0.6690432647693934,22.510000228881836
2009-12-18,0.666329341568926,21.68000030517578
2009-12-21,0.6691485384545949,20.489999771118164
2009-12-22,0.6652610497227223,19.540000915527344
2009-12-23,0.6662684127581533,19.709999084472656
2009-12-24,0.6673626444892473,19.469999313354492
2009-12-28,0.6505063617490321,19.93000030517578
2009-12-29,0.6598457958908538,20.010000228881836
2009-12-30,0.6605635249469042,19.959999084472656
2009-12-31,0.6569728225214366,21.68000030517578
2010-01-04,0.6681463940317017,20.040000915527344
2010-01-05,0.6675919854185333,19.350000381469727
2010-01-06,0.6659902080783268,19.15999984741211
2010-01-07,0.6625834461615931,19.059999465942383
2010-01-08,0.6608142890670228,18.1299991607666
2010-01-11,0.6502893415907558,17.549999237060547
2010-01-12,0.6516090340009353,18.25
2010-01-13,0.6550625325821151,17.850000381469727
2010-01-14,0.6560187045242468,17.6299991607666
2010-01-15,0.6675486176877473,17.90999984741211
2010-01-19,0.6713051114204613,17.579999923706055
2010-01-20,0.6756823794828324,18.68000030517578
2010-01-21,0.693921011533199,22.270000457763672
2010-01-22,0.7014406344018724,27.309999465942383
2010-01-25,0.7051518224867056,25.40999984741211
2010-01-26,0.6963482733822437,24.549999237060547
2010-01-27,0.674304939514659,23.139999389648438
2010-01-28,0.6419027622524662,23.729999542236328
2010-01-29,0.6396128039361174,24.6200008392334
2010-02-01,0.6481250042675727,22.59000015258789
2010-02-02,0.6539809953844518,21.479999542236328
2010-02-03,0.6367336594741115,21.600000381469727
2010-02-04,0.6764036160534677,26.079999923706055
2010-02-05,0.6585363849228671,26.110000610351562
2010-02-08,0.6641151357435394,26.510000228881836
2010-02-09,0.6700734361038229,26.0
2010-02-10,0.6671840865717992,25.399999618530273
2010-02-11,0.6694601118030944,23.959999084472656
2010-02-12,0.6661109908334581,22.729999542236328
2010-02-16,0.6799151840128929,22.25
2010-02-17,0.6805044338279123,21.719999313354492
2010-02-18,0.6781535207122894,20.6299991607666
2010-02-19,0.6770234155130048,20.020000457763672
2010-02-22,0.6673934486795677,19.940000534057617
2010-02-23,0.6736170868242832,21.3700008392334
2010-02-24,0.6780035670155925,20.270000457763672
2010-02-25,0.6660579109720226,20.100000381469727
2010-02-26,0.6660409448966899,19.5
2010-03-01,0.6661175418418638,19.260000228881836
2010-03-02,0.6631348404080429,19.059999465942383
2010-03-03,0.6614559098422739,18.829999923706055
2010-03-04,0.663828135356263,18.719999313354492
2010-03-05,0.6713533252483607,17.420000076293945
2010-03-08,0.6622998295331914,17.790000915527344
2010-03-09,0.6693700264707986,17.920000076293945
2010-03-10,0.6705115091822708,18.56999969482422
2010-03-11,0.6730617273238673,18.059999465942383
2010-03-12,0.6786650920668118,17.579999923706055
2010-03-15,0.675436770035154,18.0
2010-03-16,0.6763993808533584,17.690000534057617
2010-03-17,0.6714186814985104,16.90999984741211
2010-03-18,0.6741340977247086,16.6200008392334
2010-03-19,0.6710654510268689,16.969999313354492
2010-03-22,0.6704786500336619,16.8700008392334
2010-03-23,0.6725523812828142,16.350000381469727
2010-03-24,0.671466879060549,17.549999237060547
2010-03-25,0.6707854245275922,18.399999618530273
2010-03-26,0.6702897280052015,17.770000457763672
2010-03-29,0.6707427727840689,17.59000015258789
2010-03-30,0.6647305978218292,17.1299991607666
2010-03-31,0.6528170020247585,17.59000015258789
2010-04-01,0.655308373394383,17.469999313354492
2010-04-05,0.6566673647678608,17.020000457763672
2010-04-06,0.6617085422206863,16.229999542236328
2010-04-07,0.6643596087150343,16.6200008392334
2010-04-08,0.6694464895750754,16.479999542236328
2010-04-09,0.6725766900323602,16.139999389648438
2010-04-12,0.6712276022417841,15.579999923706055
2010-04-13,0.6734140159169895,16.200000762939453
2010-04-14,0.6679500486727067,15.59000015258789
2010-04-15,0.6662692154960418,15.890000343322754
2010-04-16,0.6604436738072035,18.360000610351562
2010-04-19,0.6404295623294842,17.34000015258789
2010-04-20,0.6196764218719872,15.729999542236328
2010-04-21,0.6125135258286153,16.31999969482422
2010-04-22,0.6108935501755988,16.469999313354492
2010-04-23,0.6161559817056066,16.6200008392334
2010-04-26,0.6125008832223162,17.469999313354492
2010-04-27,0.6303517962985283,22.809999465942383
2010-04-28,0.6249039123649147,21.079999923706055
2010-04-29,0.6224361331413432,18.440000534057617
2010-04-30,0.6360605113429283,22.049999237060547
2010-05-03,0.5809699631113833,20.190000534057617
2010-05-04,0.6136339961731325,23.84000015258789
2010-05-05,0.6026011666725549,24.90999984741211
2010-05-06,0.6550645506670739,32.79999923706055
2010-05-07,0.6595011698151348,40.95000076293945
2010-05-10,0.7081752309396618,28.84000015258789
2010-05-11,0.7084925215302096,28.31999969482422
2010-05-12,0.7017724599057997,25.520000457763672
2010-05-13,0.7069918235603911,26.68000030517578
2010-05-14,0.7145194416998415,31.239999771118164
2010-05-17,0.712738030390571,30.84000015258789
2010-05-18,0.7157585596303399,33.54999923706055
2010-05-19,0.708950928992498,35.31999969482422
2010-05-20,0.7462196388439277,45.790000915527344
2010-05-21,0.7464620586244395,40.099998474121094
2010-05-24,0.7496553964779072,38.31999969482422
2010-05-25,0.746987302934674,34.61000061035156
2010-05-26,0.7456093382577454,35.02000045776367
2010-05-27,0.7638038066958004,29.68000030517578
2010-05-28,0.7623439288077295,32.06999969482422
2010-06-01,0.7572273058634232,35.540000915527344
2010-06-02,0.7674605669312217,30.170000076293945
2010-06-03,0.7661046779832719,29.459999084472656
2010-06-04,0.7804907807484942,35.47999954223633
2010-06-07,0.77997500185476,36.56999969482422
2010-06-08,0.7783425451037865,33.70000076293945
2010-06-09,0.7802802430741695,33.72999954223633
2010-06-10,0.7856082447015944,30.56999969482422
2010-06-11,0.782115730163074,28.790000915527344
2010-06-14,0.7821223243774428,28.579999923706055
2010-06-15,0.7887674009147706,25.8700008392334
2010-06-16,0.7875054476160316,25.920000076293945
2010-06-17,0.78720480413438,25.049999237060547
2010-06-18,0.7878384060765162,23.950000762939453
2010-06-21,0.788484180061451,24.8799991607666
2010-06-22,0.7895771382603335,27.049999237060547
2010-06-23,0.7866666268480309,26.90999984741211
2010-06-24,0.7904359633773256,29.739999771118164
2010-06-25,0.7813700869242808,28.530000686645508
2010-06-28,0.7766828330595932,29.0
2010-06-29,0.782788862731455,34.130001068115234
2010-06-30,0.7839522293218176,34.540000915527344
2010-07-01,0.7836611491629936,32.86000061035156
2010-07-02,0.7840828701970028,30.1200008392334
2010-07-06,0.7850871659064789,29.649999618530273
2010-07-07,0.7955595881101436,26.84000015258789
2010-07-08,0.7960647597163657,25.709999084472656
2010-07-09,0.7957835078220229,24.979999542236328
2010-07-12,0.7964263537562952,24.43000030517578
2010-07-13,0.801109704726735,24.559999465942383
2010-07-14,0.7998448066648237,24.889999389648438
2010-07-15,0.8008642367618591,25.139999389648438
2010-07-16,0.8061106420310578,26.25
2010-07-19,0.8055354744458467,25.969999313354492
2010-07-20,0.8088512748746265,23.93000030517578
2010-07-21,0.8101002103145115,25.639999389648438
2010-07-22,0.8109542254041686,24.6299991607666
2010-07-23,0.8101524513819254,23.469999313354492
2010-07-26,0.810691575068231,22.729999542236328
2010-07-27,0.8119348756892606,23.190000534057617
2010-07-28,0.8100086329681021,24.25
2010-07-29,0.8061254386571208,24.1299991607666
2010-07-30,0.8070522469234419,23.5
2010-08-02,0.7999280890972432,22.010000228881836
2010-08-03,0.7976803662559097,22.6299991607666
2010-08-04,0.7837678294550899,22.209999084472656
2010-08-05,0.7839985073795773,22.100000381469727
2010-08-06,0.7824832486635245,21.739999771118164
2010-08-09,0.7816314933698651,22.139999389648438
2010-08-10,0.7781461810716979,22.3700008392334
2010-08-11,0.7864967832523424,25.389999389648438
2010-08-12,0.7813095821146991,25.729999542236328
2010-08-13,0.7832877007518839,26.239999771118164
2010-08-16,0.7610128198114123,26.100000381469727
2010-08-17,0.763154932130728,24.329999923706055
2010-08-18,0.7609954847612419,24.59000015258789
2010-08-19,0.7689503131390001,26.440000534057617
2010-08-20,0.7699253719496263,25.489999771118164
2010-08-23,0.7513065832748833,25.65999984741211
2010-08-24,0.7542364830544195,27.459999084472656
2010-08-25,0.75745809441958,26.700000762939453
2010-08-26,0.7509125103533684,27.3700008392334
2010-08-27,0.7524212318441652,24.450000762939453
2010-08-30,0.7389780510605576,27.209999084472656
2010-08-31,0.7358151657464338,26.049999237060547
2010-09-01,0.751137761519186,23.889999389648438
2010-09-02,0.7521311243733687,23.190000534057617
2010-09-03,0.7521836753522839,21.309999465942383
2010-09-07,0.7562914870514834,23.799999237060547
2010-09-08,0.7577211351219637,23.25
2010-09-09,0.7491934443352182,22.809999465942383
2010-09-10,0.7514618074340026,21.989999771118164
2010-09-13,0.7498156891441659,21.209999084472656
2010-09-14,0.7495072321350522,21.559999465942383
2010-09-15,0.7497599693822167,22.100000381469727
2010-09-16,0.7469622556153883,21.719999313354492
2010-09-17,0.7496517291963568,22.010000228881836
2010-09-20,0.748697355812748,21.5
2010-09-21,0.7624396674703667,22.350000381469727
2010-09-22,0.7677502177490275,22.510000228881836
2010-09-23,0.755578645648551,23.8700008392334
2010-09-24,0.7591253061612286,21.709999084472656
2010-09-27,0.7604794429481138,22.540000915527344
2010-09-28,0.7581938143480333,22.600000381469727
2010-09-29,0.7566733604229939,23.25
2010-09-30,0.7357307929574025,23.700000762939453
2010-10-01,0.7355928587088809,22.5
2010-10-04,0.7385360695108157,23.530000686645508
2010-10-05,0.7504869147654649,21.760000228881836
2010-10-06,0.7518456840669221,21.489999771118164
2010-10-07,0.7513682602212343,21.559999465942383
2010-10-08,0.7526908395467682,20.709999084472656
2010-10-11,0.7411030090067661,18.959999084472656
2010-10-12,0.7436110109264904,18.93000030517578
2010-10-13,0.7373164380352759,19.06999969482422
2010-10-14,0.7352223307375845,19.8799991607666
2010-10-15,0.7167256175764181,19.030000686645508
2010-10-18,0.7174365820143181,19.09000015258789
2010-10-19,0.7193720653288119,20.6299991607666
2010-10-20,0.7223776324233725,19.790000915527344
2010-10-21,0.7204854667631985,19.270000457763672
2010-10-22,0.7209831586798295,18.780000686645508
2010-10-25,0.7212726133463069,19.850000381469727
2010-10-26,0.7067335342381632,20.219999313354492
2010-10-27,0.710226948290164,20.709999084472656
2010-10-28,0.7020912729251879,20.8799991607666
2010-10-29,0.6994671529781297,21.200000762939453
2010-11-01,0.6989283715405717,21.829999923706055
2010-11-02,0.6980646098294041,21.56999969482422
2010-11-03,0.6961459987999304,19.559999465942383
2010-11-04,0.6833829745917193,18.520000457763672
2010-11-05,0.6825518495271632,18.260000228881836
2010-11-08,0.6822448494763034,18.290000915527344
2010-11-09,0.6831986341996239,19.079999923706055
2010-11-10,0.6777722142046354,18.469999313354492
2010-11-11,0.6627675703256287,18.639999389648438
2010-11-12,0.6506259065705005,20.610000610351562
2010-11-15,0.6505618085968102,20.200000762939453
2010-11-16,0.6623873084091263,22.579999923706055
2010-11-17,0.6554642374753749,21.760000228881836
2010-11-18,0.6613189663374353,18.75
2010-11-19,0.6547479491888601,18.040000915527344
2010-11-22,0.6523212018233362,18.3700008392334
2010-11-23,0.6522882189678862,20.6299991607666
2010-11-24,0.6601735522389257,19.559999465942383
2010-11-26,0.6371027284113944,22.219999313354492
2010-11-29,0.6342701608007257,21.530000686645508
2010-11-30,0.6265179696504155,23.540000915527344
2010-12-01,0.6428356315342466,21.360000610351562
2010-12-02,0.6426986304281653,19.389999389648438
2010-12-03,0.6426225873200611,18.010000228881836
2010-12-06,0.6429134121865316,18.020000457763672
2010-12-07,0.6372133149956609,17.989999771118164
2010-12-08,0.6349522587366696,17.739999771118164
2010-12-09,0.6328817115640494,17.25
2010-12-10,0.6323100797925884,17.610000610351562
2010-12-13,0.6303052671295556,17.549999237060547
2010-12-14,0.6208818302392694,17.610000610351562
2010-12-15,0.621044472371753,17.940000534057617
2010-12-16,0.6227355742379574,17.389999389648438
2010-12-17,0.615613852539741,16.110000610351562
2010-12-20,0.5979312504791505,16.40999984741211
2010-12-21,0.5924691082819515,16.489999771118164
2010-12-22,0.5932786588073391,15.449999809265137
2010-12-23,0.5941098699881695,16.469999313354492
2010-12-27,0.5914923044128566,17.670000076293945
2010-12-28,0.5911963629053651,17.520000457763672
2010-12-29,0.5860235296717693,17.280000686645508
2010-12-30,0.5623058337785386,17.520000457763672
2010-12-31,0.5624389916659336,17.75
2011-01-03,0.5626569342883251,17.610000610351562
2011-01-04,0.560333017633653,17.3799991607666
2011-01-05,0.5582105343095505,17.020000457763672
2011-01-06,0.5577098445645501,17.399999618530273
2011-01-07,0.5609592496896294,17.139999389648438
2011-01-10,0.5620379541103849,17.540000915527344
2011-01-11,0.5752386558497753,16.889999389648438
2011-01-12,0.5813706972449986,16.239999771118164
2011-01-13,0.5703317100529295,16.389999389648438
2011-01-14,0.5644727174444564,15.460000038146973
2011-01-18,0.5608446752759468,15.869999885559082
2011-01-19,0.5693821334781519,17.309999465942383
2011-01-20,0.5661258646181689,17.989999771118164
2011-01-21,0.5547933797376655,18.469999313354492
2011-01-24,0.5566737981760818,17.649999618530273
2011-01-25,0.5622423285041037,17.59000015258789
2011-01-26,0.5577871669492671,16.639999389648438
2011-01-27,0.5550467236576104,16.149999618530273
2011-01-28,0.5657236560008018,20.040000915527344
2011-01-31,0.5639274334810185,19.530000686645508
2011-02-01,0.5369291837364417,17.6299991607666
2011-02-02,0.542426734724748,17.299999237060547
2011-02-03,0.5418724391263235,16.690000534057617
2011-02-04,0.5399283262848902,15.930000305175781
2011-02-07,0.5470424644467627,16.280000686645508
2011-02-08,0.5646534855229558,15.8100004196167
2011-02-09,0.556224753344449,15.869999885559082
2011-02-10,0.5374567691706588,16.09000015258789
2011-02-11,0.5146065610341222,15.6899995803833
2011-02-14,0.5090254933100489,15.949999809265137
2011-02-15,0.49238177579898235,16.3700008392334
2011-02-16,0.4922430918018291,16.719999313354492
2011-02-17,0.49069486567620907,16.59000015258789
2011-02-18,0.45492204703978095,16.43000030517578
2011-02-22,0.4700779460733582,20.799999237060547
2011-02-23,0.4543316044651643,22.1299991607666
2011-02-24,0.45505914074601844,21.31999969482422
2011-02-25,0.45284755509937985,19.219999313354492
2011-02-28,0.3954937471228202,18.350000381469727
2011-03-01,0.4000191139895549,21.010000228881836
2011-03-02,0.39994585620989287,20.700000762939453
2011-03-03,0.4221709132123942,18.600000381469727
2011-03-04,0.43521654541887533,19.059999465942383
2011-03-07,0.4441141238449819,20.65999984741211
2011-03-08,0.44956189652303635,19.81999969482422
2011-03-09,0.4472636517291746,20.219999313354492
2011-03-10,0.4873598827010951,21.8799991607666
2011-03-11,0.4928767991204054,20.079999923706055
2011-03-14,0.49419084591511436,21.1299991607666
2011-03-15,0.5060065693760702,24.31999969482422
2011-03-16,0.5392479589164757,29.399999618530273
2011-03-17,0.5531084153666948,26.3700008392334
2011-03-18,0.552223612391396,24.440000534057617
2011-03-21,0.5673093184408274,20.610000610351562
2011-03-22,0.5684705188531418,20.209999084472656
2011-03-23,0.5688349757245204,19.170000076293945
2011-03-24,0.5684283758851317,18.0
2011-03-25,0.5668368086787803,17.90999984741211
2011-03-28,0.5646109622577945,19.440000534057617
2011-03-29,0.5639401545399646,18.15999984741211
2011-03-30,0.5646852705268322,17.709999084472656
2011-03-31,0.5691797883249473,17.739999771118164
2011-04-01,0.5694098582018527,17.399999618530273
2011-04-04,0.5731954309666539,17.5
2011-04-05,0.5725012592469797,17.25
2011-04-06,0.57172522670656,16.899999618530273
2011-04-07,0.5713379802925582,17.110000610351562
2011-04-08,0.5665736490761946,17.8700008392334
2011-04-11,0.5659847676000707,16.59000015258789
2011-04-12,0.5639154364365523,17.09000015258789
2011-04-13,0.5673078181923785,16.920000076293945
2011-04-14,0.5617707134009426,16.270000457763672
2011-04-15,0.5633325720250694,15.319999694824219
2011-04-18,0.5783937532517502,16.959999084472656
2011-04-19,0.5768231441602325,15.829999923706055
2011-04-20,0.5799074127218496,15.069999694824219
2011-04-21,0.5830806949950831,14.6899995803833
2011-04-25,0.5861891378495024,15.770000457763672
2011-04-26,0.5830496369023981,15.619999885559082
2011-04-27,0.5839445870996633,15.350000381469727
2011-04-28,0.5741647147958441,14.619999885559082
2011-04-29,0.5693538791642757,14.75
2011-05-02,0.5694267331815988,15.989999771118164
2011-05-03,0.564997917426387,16.700000762939453
2011-05-04,0.5598822093555424,17.079999923706055
2011-05-05,0.5682896737535231,18.200000762939453
2011-05-06,0.5699468337078357,18.399999618530273
2011-05-09,0.5851485118741426,17.15999984741211
2011-05-10,0.589669920862889,15.90999984741211
2011-05-11,0.5948541687416451,16.950000762939453
2011-05-12,0.5878393524282497,16.030000686645508
2011-05-13,0.5923676415890105,17.06999969482422
2011-05-16,0.5933345368284593,18.239999771118164
2011-05-17,0.5908301690524984,17.549999237060547
2011-05-18,0.5797884274518268,16.229999542236328
2011-05-19,0.5856956731758733,15.520000457763672
2011-05-20,0.5946829819069873,17.43000030517578
2011-05-23,0.6001492689234323,18.270000457763672
2011-05-24,0.600622734007184,17.81999969482422
2011-05-25,0.5964749545804209,17.06999969482422
2011-05-26,0.5967457241257133,16.09000015258789
2011-05-27,0.5832847800487306,15.979999542236328
2011-05-31,0.5901629070682046,15.449999809265137
2011-06-01,0.6156489188819094,18.299999237060547
2011-06-02,0.6127286124777032,18.09000015258789
2011-06-03,0.615094814058071,17.950000762939453
2011-06-06,0.6004557340829321,18.489999771118164
2011-06-07,0.5969677448606865,18.06999969482422
2011-06-08,0.5975517394065373,18.790000915527344
2011-06-09,0.5918657579917272,17.770000457763672
2011-06-10,0.5648829064750517,18.860000610351562
2011-06-13,0.5503450643134405,19.610000610351562
2011-06-14,0.5571531207182522,18.260000228881836
2011-06-15,0.5602029148960033,21.31999969482422
2011-06-16,0.5631874218750033,22.729999542236328
2011-06-17,0.5636014897677656,21.850000381469727
2011-06-20,0.5619527160790754,19.989999771118164
2011-06-21,0.569701793556343,18.860000610351562
2011-06-22,0.5742028099827984,18.520000457763672
2011-06-23,0.5705993598629214,19.290000915527344
2011-06-24,0.5757586516002651,21.100000381469727
2011-06-27,0.5800263755184295,20.559999465942383
2011-06-28,0.5831125182328691,19.170000076293945
2011-06-29,0.5853842223278526,17.270000457763672
2011-06-30,0.5960593787172155,16.520000457763672
2011-07-01,0.6069735130541583,15.869999885559082
2011-07-05,0.6064463544701169,16.059999465942383
2011-07-06,0.6043386034385849,16.34000015258789
2011-07-07,0.6151594943591416,15.949999809265137
2011-07-08,0.6227713938326612,15.949999809265137
2011-07-11,0.6352188442856261,18.389999389648438
2011-07-12,0.6399016769180181,19.8700008392334
2011-07-13,0.6431095184068175,19.90999984741211
2011-07-14,0.6385658132455331,20.799999237060547
2011-07-15,0.639186656897563,19.530000686645508
2011-07-18,0.6410997718793792,20.950000762939453
2011-07-19,0.6460573989257821,19.209999084472656
2011-07-20,0.6430113328352983,19.09000015258789
2011-07-21,0.6384746383541208,17.559999465942383
2011-07-22,0.6345399124233135,17.520000457763672
2011-07-25,0.6384453118716419,19.350000381469727
2011-07-26,0.6359115216608522,20.229999542236328
2011-07-27,0.6478810419740346,22.979999542236328
2011-07-28,0.6530702989003742,23.739999771118164
2011-07-29,0.6582186751146124,25.25
2011-08-01,0.6531562181848444,23.65999984741211
2011-08-02,0.6718469284849863,24.790000915527344
2011-08-03,0.6707293865549204,23.3799991607666
2011-08-04,0.7313785031425695,31.65999984741211
2011-08-05,0.7240997741123049,32.0
2011-08-08,0.7922053410146132,48.0
2011-08-09,0.8090696551439913,35.060001373291016
2011-08-10,0.8292618901899802,42.9900016784668
2011-08-11,0.8449808917900778,39.0
2011-08-12,0.8422716168051402,36.36000061035156
2011-08-15,0.8445615949320071,31.8700008392334
2011-08-16,0.8394506342747841,32.849998474121094
2011-08-17,0.837854495702052,31.579999923706055
2011-08-18,0.8442338102966748,42.66999816894531
2011-08-19,0.843461691383748,43.04999923706055
2011-08-22,0.8398475258159588,42.439998626708984
2011-08-23,0.8441244668039763,36.27000045776367
2011-08-24,0.8415542506520992,35.900001525878906
2011-08-25,0.8354103298607998,39.7599983215332
2011-08-26,0.8368460406870021,35.59000015258789
2011-08-29,0.841256091018518,32.279998779296875
2011-08-30,0.8408528012573406,32.88999938964844
2011-08-31,0.8413244862048159,31.6200008392334
2011-09-01,0.8416618806296503,31.81999969482422
2011-09-02,0.8452566187134855,33.91999816894531
2011-09-06,0.8456424191276701,37.0
2011-09-07,0.8479164830742734,33.380001068115234
2011-09-08,0.8465892039499112,34.31999969482422
2011-09-09,0.8480053317991636,38.52000045776367
2011-09-12,0.8476181190102116,38.59000015258789
2011-09-13,0.8477017411422709,36.90999984741211
2011-09-14,0.8489328077060494,34.599998474121094
2011-09-15,0.851775595836123,31.969999313354492
2011-09-16,0.8485212286889607,30.979999542236328
2011-09-19,0.8497231328646242,32.72999954223633
2011-09-20,0.8500120028998539,32.86000061035156
2011-09-21,0.8527184559769567,37.31999969482422
2011-09-22,0.8557982023372631,41.349998474121094
2011-09-23,0.8555407247787951,41.25
2011-09-26,0.8569878813154436,39.02000045776367
2011-09-27,0.8558917571645381,37.709999084472656
2011-09-28,0.8569748744755874,41.08000183105469
2011-09-29,0.8558808482582256,38.84000015258789
2011-09-30,0.8557605227849854,42.959999084472656
2011-10-03,0.8572248220544543,45.45000076293945
2011-10-04,0.8563343718202547,40.81999969482422
2011-10-05,0.8554031301683764,37.810001373291016
2011-10-06,0.8538707662527985,36.27000045776367
2011-10-07,0.8507468675639137,36.20000076293945
2011-10-10,0.8558903578419402,33.02000045776367
2011-10-11,0.8553320299166778,32.86000061035156
2011-10-12,0.8572450605025692,31.260000228881836
2011-10-13,0.8571737185296178,30.700000762939453
2011-10-14,0.8588730647156794,28.239999771118164
2011-10-17,0.8601742322606265,33.38999938964844
2011-10-18,0.8615509112951744,31.559999465942383
2011-10-19,0.8596880104481244,34.439998626708984
2011-10-20,0.8582452040331463,34.779998779296875
2011-10-21,0.8577017529884803,31.31999969482422
2011-10-24,0.8549628346630055,29.260000228881836
2011-10-25,0.85466772780518,32.220001220703125
2011-10-26,0.8519323742437453,29.860000610351562
2011-10-27,0.8521190792505342,25.459999084472656
2011-10-28,0.8435501393650192,24.530000686645508
2011-10-31,0.8475623618402928,29.959999084472656
2011-11-01,0.8370912126761778,34.77000045776367
2011-11-02,0.8327850133658427,32.7400016784668
2011-11-03,0.821764880640371,30.5
2011-11-04,0.8143881106914053,30.15999984741211
2011-11-07,0.8163081953801508,29.850000381469727
2011-11-08,0.8164655389583167,27.479999542236328
2011-11-09,0.8306318245165359,36.15999984741211
2011-11-10,0.8294541754498402,32.810001373291016
2011-11-11,0.8241283131886705,30.040000915527344
2011-11-14,0.8255274595372117,31.1299991607666
2011-11-15,0.823399316462926,31.219999313354492
2011-11-16,0.8205716624701658,33.5099983215332
2011-11-17,0.8230711752519048,34.5099983215332
2011-11-18,0.8265741244911547,32.0
2011-11-21,0.8284064928307057,32.90999984741211
2011-11-22,0.8234546769567703,31.969999313354492
2011-11-23,0.8278147517940274,33.97999954223633
2011-11-25,0.8274482178037055,34.470001220703125
2011-11-28,0.8299350230745585,32.130001068115234
2011-11-29,0.822501604249462,30.639999389648438
2011-11-30,0.8336414730215622,27.799999237060547
2011-12-01,0.8309148041373453,27.40999984741211
2011-12-02,0.8304528338847407,27.520000457763672
2011-12-05,0.8257590817507797,27.84000015258789
2011-12-06,0.8252398457861604,28.1299991607666
2011-12-07,0.8248975867848966,28.670000076293945
2011-12-08,0.8261181099085979,30.59000015258789
2011-12-09,0.8260723618199194,26.3799991607666
2011-12-12,0.8311122311824345,25.670000076293945
2011-12-13,0.8316325342221036,25.40999984741211
2011-12-14,0.8311750040560003,26.040000915527344
2011-12-15,0.8269492237711793,25.110000610351562
2011-12-16,0.8213419408706132,24.290000915527344
2011-12-19,0.8235465601850287,24.920000076293945
2011-12-20,0.8276588657943394,23.219999313354492
2011-12-21,0.8260634177437576,21.43000030517578
2011-12-22,0.8227534830216247,21.15999984741211
2011-12-23,0.8244085653500417,20.729999542236328
2011-12-27,0.8198864623296263,21.90999984741211
2011-12-28,0.8168147313185733,23.520000457763672
2011-12-29,0.8178903299517604,22.649999618530273
2011-12-30,0.8196685037578826,23.399999618530273
2012-01-03,0.8226421600866114,22.969999313354492
2012-01-04,0.8254642707317886,22.219999313354492
2012-01-05,0.8125469610447851,21.479999542236328
2012-01-06,0.8134872395162889,20.6299991607666
2012-01-09,0.8138925017631905,21.06999969482422
2012-01-10,0.8141019474693166,20.690000534057617
2012-01-11,0.8123793999984568,21.049999237060547
2012-01-12,0.8102686046383433,20.469999313354492
2012-01-13,0.8081885395881031,20.90999984741211
2012-01-17,0.8126647766921782,22.200000762939453
2012-01-18,0.8130440703652013,20.889999389648438
2012-01-19,0.8148541427877192,19.8700008392334
2012-01-20,0.814388619471662,18.280000686645508
2012-01-23,0.8120146998811286,18.670000076293945
2012-01-24,0.812733693544266,18.90999984741211
2012-01-25,0.8062405494285473,18.309999465942383
2012-01-26,0.8062203291619205,18.56999969482422
2012-01-27,0.8009516791216447,18.530000686645508
2012-01-30,0.7872352112273571,19.399999618530273
2012-01-31,0.7847357382965042,19.440000534057617
2012-02-01,0.7813007485017868,18.549999237060547
2012-02-02,0.7807839022009925,17.979999542236328
2012-02-03,0.7815723623479965,17.100000381469727
2012-02-06,0.7778914637448443,17.760000228881836
2012-02-07,0.7502585621570216,17.649999618530273
2012-02-08,0.7550957618179022,18.15999984741211
2012-02-09,0.744799066849068,18.6299991607666
2012-02-10,0.7443666062988569,20.790000915527344
2012-02-13,0.7516294509542677,19.040000915527344
2012-02-14,0.746369900131416,19.540000915527344
2012-02-15,0.7439456868577232,21.139999389648438
2012-02-16,0.7458915634258234,19.219999313354492
2012-02-17,0.7345191827972867,17.780000686645508
2012-02-21,0.7276859000296122,18.190000534057617
2012-02-22,0.711808077862921,18.190000534057617
2012-02-23,0.7097446481086104,16.799999237060547
2012-02-24,0.7000786306736094,17.309999465942383
2012-02-27,0.7064050482356408,18.190000534057617
2012-02-28,0.6447098364947895,17.959999084472656
2012-02-29,0.6474207287219909,18.43000030517578
2012-03-01,0.6481239535047918,17.260000228881836
2012-03-02,0.6473227950986555,17.290000915527344
2012-03-05,0.650203823556565,18.049999237060547
2012-03-06,0.6606370551055438,20.8700008392334
2012-03-07,0.6462528248944038,19.06999969482422
2012-03-08,0.6356146765937485,17.950000762939453
2012-03-09,0.6160255174673334,17.110000610351562
2012-03-12,0.6105058862531888,15.640000343322754
2012-03-13,0.6166922199074907,14.800000190734863
2012-03-14,0.6153585726709337,15.3100004196167
2012-03-15,0.6136347625016051,15.420000076293945
2012-03-16,0.6009927944646349,14.470000267028809
2012-03-19,0.5457136930008983,15.039999961853027
2012-03-20,0.5493922924324898,15.579999923706055
2012-03-21,0.5499769814100783,15.130000114440918
2012-03-22,0.5494484982179376,15.569999694824219
2012-03-23,0.5503839341026447,14.819999694824219
2012-03-26,0.5372634852707667,14.260000228881836
2012-03-27,0.5316399757366056,15.59000015258789
2012-03-28,0.5268093022881071,15.470000267028809
2012-03-29,0.49433810745250784,15.479999542236328
2012-03-30,0.49747937643602425,15.5
2012-04-02,0.5064540666074979,15.640000343322754
2012-04-03,0.5130052889051055,15.65999984741211
2012-04-04,0.5251582074713133,16.440000534057617
2012-04-05,0.5279466538804286,16.700000762939453
2012-04-09,0.5473351622011038,18.809999465942383
2012-04-10,0.576377807179805,20.389999389648438
2012-04-11,0.5768641598840336,20.020000457763672
2012-04-12,0.5873708984146763,17.200000762939453
2012-04-13,0.5993173369754995,19.549999237060547
2012-04-16,0.5961093238215873,19.549999237060547
2012-04-17,0.6118229534220638,18.459999084472656
2012-04-18,0.6134793849740231,18.639999389648438
2012-04-19,0.6180809984765059,18.360000610351562
2012-04-20,0.610235128404711,17.440000534057617
2012-04-23,0.616432959856694,18.969999313354492
2012-04-24,0.6132852497667642,18.100000381469727
2012-04-25,0.6002123098115908,16.81999969482422
2012-04-26,0.6001084457165102,16.239999771118164
2012-04-27,0.5929694836053143,16.31999969482422
2012-04-30,0.5935402955757563,17.149999618530273
2012-05-01,0.5868444895676596,16.600000381469727
2012-05-02,0.5866506767765489,16.8799991607666
2012-05-03,0.5886476638967948,17.559999465942383
2012-05-04,0.6076027138307731,19.15999984741211
2012-05-07,0.6139488946232927,18.940000534057617
2012-05-08,0.6119029373590873,19.049999237060547
2012-05-09,0.6115676706383039,20.079999923706055
2012-05-10,0.5957661061709941,18.829999923706055
2012-05-11,0.5831166163817524,19.889999389648438
2012-05-14,0.5849812055144472,21.8700008392334
2012-05-15,0.584462656994973,21.969999313354492
2012-05-16,0.5827588845004834,22.270000457763672
2012-05-17,0.5816326017990573,24.489999771118164
2012-05-18,0.5803970631767356,25.100000381469727
2012-05-21,0.5815858243800911,22.010000228881836
2012-05-22,0.5815647718952295,22.479999542236328
2012-05-23,0.5765655543482507,22.329999923706055
2012-05-24,0.5752913182043677,21.540000915527344
2012-05-25,0.580167398984756,21.760000228881836
2012-05-29,0.5882644642334929,21.030000686645508
2012-05-30,0.5968824861246069,24.139999389648438
2012-05-31,0.5871969764610878,24.059999465942383
2012-06-01,0.6046597398810489,26.65999984741211
2012-06-04,0.600782834934455,26.1200008392334
2012-06-05,0.5982443379163133,24.68000030517578
2012-06-06,0.6285997225347961,22.15999984741211
2012-06-07,0.61370487591566,21.719999313354492
2012-06-08,0.6223593129425365,21.229999542236328
2012-06-11,0.628326261283414,23.559999465942383
2012-06-12,0.6394086998855627,22.09000015258789
2012-06-13,0.6396417345199534,24.270000457763672
2012-06-14,0.6487198618900964,21.68000030517578
2012-06-15,0.6520647001257132,21.110000610351562
2012-06-18,0.6523157842838859,18.31999969482422
2012-06-19,0.6521126818540975,18.3799991607666
2012-06-20,0.6430078071022342,17.239999771118164
2012-06-21,0.6579802891369482,20.079999923706055
2012-06-22,0.6611908147901844,18.110000610351562
2012-06-25,0.6676470213946725,20.3799991607666
2012-06-26,0.6666501264291547,19.719999313354492
2012-06-27,0.6692555890720258,19.450000762939453
2012-06-28,0.6668905793600557,19.709999084472656
2012-06-29,0.685242547691745,17.079999923706055
2012-07-02,0.6843708859892021,16.799999237060547
2012-07-03,0.6815722300784296,16.65999984741211
2012-07-05,0.6742832408051782,17.5
2012-07-06,0.675943817099547,17.100000381469727
2012-07-09,0.6726756429299401,17.979999542236328
2012-07-10,0.667948802266265,18.719999313354492
2012-07-11,0.6670095499206974,17.950000762939453
2012-07-12,0.6555936825236633,18.329999923706055
2012-07-13,0.6697485559447452,16.739999771118164
2012-07-16,0.6676165691427896,17.110000610351562
2012-07-17,0.6748690315729535,16.479999542236328
2012-07-18,0.6670396659228854,16.15999984741211
2012-07-19,0.6702442364021832,15.449999809265137
2012-07-20,0.6823504358750712,16.270000457763672
2012-07-23,0.6817627472577803,18.6200008392334
2012-07-24,0.6839580159087931,20.469999313354492
2012-07-25,0.6774053115778407,19.34000015258789
2012-07-26,0.6847594622177164,17.530000686645508
2012-07-27,0.6948543058437824,16.700000762939453
2012-07-30,0.6931974698298504,18.030000686645508
2012-07-31,0.683080713513662,18.93000030517578
2012-08-01,0.6832443134643785,18.959999084472656
2012-08-02,0.6844197474831242,17.56999969482422
2012-08-03,0.6956592843046545,15.640000343322754
2012-08-06,0.7057332822971081,15.949999809265137
2012-08-07,0.7096790894825074,15.989999771118164
2012-08-08,0.7071384009277499,15.319999694824219
2012-08-09,0.7063651806247597,15.279999732971191
2012-08-10,0.710943185112199,14.739999771118164
2012-08-13,0.7156440767696699,13.699999809265137
2012-08-14,0.7162462277785416,14.850000381469727
2012-08-15,0.7214302727665134,14.630000114440918
2012-08-16,0.7154955659489391,14.289999961853027
2012-08-17,0.7184235927139817,13.449999809265137
2012-08-20,0.719819083644657,14.020000457763672
2012-08-21,0.7188375096355663,15.020000457763672
2012-08-22,0.7151871736832758,15.109999656677246
2012-08-23,0.7139334303494753,15.960000038146973
2012-08-24,0.7167719860572175,15.180000305175781
2012-08-27,0.701280961489169,16.350000381469727
2012-08-28,0.7040285400023729,16.489999771118164
2012-08-29,0.7071968799683053,17.059999465942383
2012-08-30,0.6952481910298329,17.829999923706055
2012-08-31,0.6988819562467167,17.469999313354492
2012-09-04,0.695656112818439,17.979999542236328
2012-09-05,0.6864672348578206,17.739999771118164
2012-09-06,0.698128426293439,15.600000381469727
2012-09-07,0.6891222917621185,14.380000114440918
2012-09-10,0.6908745889450694,16.280000686645508
2012-09-11,0.686686257355287,16.40999984741211
2012-09-12,0.6846805246188364,15.800000190734863
2012-09-13,0.6943272916432384,14.050000190734863
2012-09-14,0.6981731915028343,14.510000228881836
2012-09-17,0.6794072689933053,14.59000015258789
2012-09-18,0.6802226359567052,14.180000305175781
2012-09-19,0.6716574278520413,13.880000114440918
2012-09-20,0.6717791309369809,14.069999694824219
2012-09-21,0.6702265076452845,13.979999542236328
2012-09-24,0.6706107844225435,14.149999618530273
2012-09-25,0.6502106339145579,15.430000305175781
2012-09-26,0.6527700571955549,16.809999465942383
2012-09-27,0.653081654543499,14.84000015258789
2012-09-28,0.6558332895375244,15.729999542236328
2012-10-01,0.6508171301099889,16.31999969482422
2012-10-02,0.6528643273619125,15.710000038146973
2012-10-03,0.6471477035243454,15.430000305175781
2012-10-04,0.652594565752369,14.550000190734863
2012-10-05,0.6595977026289673,14.329999923706055
2012-10-08,0.6404631795063253,15.109999656677246
2012-10-09,0.6442293503214346,16.3700008392334
2012-10-10,0.638087722900157,16.290000915527344
2012-10-11,0.6460863497851783,15.59000015258789
2012-10-12,0.6459714195204549,16.139999389648438
2012-10-15,0.6454539567888452,15.270000457763672
2012-10-16,0.6443237058649475,15.220000267028809
2012-10-17,0.6394054628573184,15.069999694824219
2012-10-18,0.6492131450085016,15.029999732971191
2012-10-19,0.6545391948919701,17.059999465942383
2012-10-22,0.6336954771639358,16.6200008392334
2012-10-23,0.6520222886489829,18.829999923706055
2012-10-24,0.6508223045424156,18.329999923706055
2012-10-25,0.6466102065312084,18.1200008392334
2012-10-26,0.6412066180869911,17.809999465942383
2012-10-31,0.6100844906617627,18.600000381469727
2012-11-01,0.6140184320033578,16.690000534057617
2012-11-02,0.6187671157733169,17.59000015258789
2012-11-05,0.6175357592630208,18.420000076293945
2012-11-06,0.6247574502634264,17.579999923706055
2012-11-07,0.6579959496577218,19.079999923706055
2012-11-08,0.6598919916238026,18.489999771118164
2012-11-09,0.6591381098087059,18.610000610351562
2012-11-12,0.6583080366280041,16.68000030517578
2012-11-13,0.6677138093101564,16.649999618530273
2012-11-14,0.6652554092574063,17.920000076293945
2012-11-15,0.6608203022954013,17.989999771118164
2012-11-16,0.661607177461795,16.40999984741211
2012-11-19,0.6788934107143788,15.239999771118164
2012-11-20,0.674230510689236,15.079999923706055
2012-11-21,0.6729086769222096,15.3100004196167
2012-11-23,0.6844968987258857,15.140000343322754
2012-11-26,0.6818926093488221,15.5
2012-11-27,0.6821387708177185,15.920000076293945
2012-11-28,0.6790805004433956,15.510000228881836
2012-11-29,0.6747178345910332,15.0600004196167
2012-11-30,0.6751084758768091,15.869999885559082
2012-12-03,0.6795012313283014,16.639999389648438
2012-12-04,0.6540960280688661,17.1200008392334
2012-12-05,0.6564269060321758,16.459999084472656
2012-12-06,0.652888961753394,16.579999923706055
2012-12-07,0.6540463339725379,15.899999618530273
2012-12-10,0.6579988425495371,16.049999237060547
2012-12-11,0.6434859300909119,15.569999694824219
2012-12-12,0.6437699579771924,15.949999809265137
2012-12-13,0.6450946393905489,16.559999465942383
2012-12-14,0.6425172447129734,17.0
2012-12-17,0.6477890282270463,16.34000015258789
2012-12-18,0.6529768995626676,15.569999694824219
2012-12-19,0.6548599170500948,17.360000610351562
2012-12-20,0.6572956039558366,17.670000076293945
2012-12-21,0.657454758553285,17.84000015258789
2012-12-24,0.6587423091746007,17.84000015258789
2012-12-26,0.6561812628742112,19.479999542236328
2012-12-27,0.6558325201352674,19.469999313354492
2012-12-28,0.6634334443747906,22.719999313354492
2012-12-31,0.6736881537681508,18.020000457763672
2013-01-02,0.7040617957143224,14.680000305175781
2013-01-03,0.7037394118306446,14.5600004196167
2013-01-04,0.7030631070252084,13.829999923706055
2013-01-07,0.702763678573924,13.789999961853027
2013-01-08,0.7002882479913951,13.619999885559082
2013-01-09,0.7001683801948166,13.8100004196167
2013-01-10,0.7025324210075461,13.489999771118164
2013-01-11,0.7037308898685997,13.359999656677246
2013-01-14,0.700000080870874,13.520000457763672
2013-01-15,0.7004871824821546,13.550000190734863
2013-01-16,0.6987933256548218,13.420000076293945
2013-01-17,0.695211131646652,13.569999694824219
2013-01-18,0.6745398428058387,12.460000038146973
2013-01-22,0.6755285512108011,12.430000305175781
2013-01-23,0.6644001166264129,12.460000038146973
2013-01-24,0.6568773852291566,12.6899995803833
2013-01-25,0.655999432741899,12.890000343322754
2013-01-28,0.6549952090300993,13.569999694824219
2013-01-29,0.6581129776924761,13.3100004196167
2013-01-30,0.6566703394129664,14.319999694824219
2013-01-31,0.6492946698941799,14.279999732971191
2013-02-01,0.6544643134345525,12.899999618530273
2013-02-04,0.6555967671951339,14.670000076293945
2013-02-05,0.6265898170483982,13.720000267028809
2013-02-06,0.6181757271057676,13.40999984741211
2013-02-07,0.6162234797760536,13.5
2013-02-08,0.6155745844592675,13.020000457763672
2013-02-11,0.6120877647690053,12.9399995803833
2013-02-12,0.605274121148862,12.640000343322754
2013-02-13,0.6055044242904465,12.979999542236328
2013-02-14,0.6031003630695021,12.65999984741211
2013-02-15,0.5774197655199029,12.460000038146973
2013-02-19,0.5795094524219627,12.3100004196167
2013-02-20,0.587143882587538,14.680000305175781
2013-02-21,0.568495732486398,15.220000267028809
2013-02-22,0.5725768599449642,14.170000076293945
2013-02-25,0.596589489613871,18.989999771118164
2013-02-26,0.5968514689042899,16.8700008392334
2013-02-27,0.6086024832163104,14.729999542236328
2013-02-28,0.6101247235144204,15.510000228881836
2013-03-01,0.6072208289819121,15.359999656677246
2013-03-04,0.6051739802347929,14.010000228881836
2013-03-05,0.6113555120475846,13.479999542236328
2013-03-06,0.609215716786832,13.529999732971191
2013-03-07,0.6098298617493867,13.0600004196167
2013-03-08,0.6093661302300374,12.59000015258789
2013-03-11,0.6098734156955464,11.5600004196167
2013-03-12,0.6123014414744344,12.270000457763672
2013-03-13,0.6109276280011455,11.829999923706055
2013-03-14,0.6131170619051535,11.300000190734863
2013-03-15,0.6011263397769749,11.300000190734863
2013-03-18,0.597680857796726,13.359999656677246
2013-03-19,0.5897052764909628,14.390000343322754
2013-03-20,0.5875487594279585,12.670000076293945
2013-03-21,0.5780441919346243,13.989999771118164
2013-03-22,0.5758343591291009,13.569999694824219
2013-03-25,0.5769127835049654,13.739999771118164
2013-03-26,0.5753782390138646,12.770000457763672
2013-03-27,0.560817201030644,13.149999618530273
2013-03-28,0.5457294652901012,12.699999809265137
2013-04-01,0.481748193478032,13.579999923706055
2013-04-02,0.4791373168012865,12.779999732971191
2013-04-03,0.49468249604059655,14.210000038146973
2013-04-04,0.49169147586485773,13.890000343322754
2013-04-05,0.4901294744192272,13.920000076293945
2013-04-08,0.49484135460749,13.1899995803833
2013-04-09,0.49049688494172533,12.84000015258789
2013-04-10,0.5014297534358158,12.359999656677246
2013-04-11,0.49801080373806056,12.239999771118164
2013-04-12,0.5005760503348717,12.0600004196167
2013-04-15,0.5451798295154486,17.270000457763672
2013-04-16,0.5506879790151892,13.960000038146973
2013-04-17,0.5798632765167598,16.510000228881836
2013-04-18,0.5765029862366906,17.559999465942383
2013-04-19,0.57214715091929,14.970000267028809
2013-04-22,0.5796154890430769,14.390000343322754
2013-04-23,0.5942033610478219,13.479999542236328
2013-04-24,0.5771820013422219,13.609999656677246
2013-04-25,0.5690279483944587,13.619999885559082
2013-04-26,0.5670226089113075,13.609999656677246
2013-04-29,0.5671107017130694,13.710000038146973
2013-04-30,0.5590476532235773,13.520000457763672
2013-05-01,0.5557163791959292,14.489999771118164
2013-05-02,0.5527288520058249,13.59000015258789
2013-05-03,0.5573074540683115,12.850000381469727
2013-05-06,0.5561194770475016,12.65999984741211
2013-05-07,0.5541834425280013,12.829999923706055
2013-05-08,0.5541033925051794,12.65999984741211
2013-05-09,0.557282928071136,13.130000114440918
2013-05-10,0.5600705814372527,12.59000015258789
2013-05-13,0.5620151714236773,12.550000190734863
2013-05-14,0.5611782811057281,12.770000457763672
2013-05-15,0.5579394268715067,12.8100004196167
2013-05-16,0.532962480972885,13.069999694824219
2013-05-17,0.5360769887591786,12.449999809265137
2013-05-20,0.5305614800666982,13.020000457763672
2013-05-21,0.4952681415231498,13.369999885559082
2013-05-22,0.495757057287336,13.819999694824219
2013-05-23,0.4853184983650851,14.069999694824219
2013-05-24,0.4822360394422551,13.989999771118164
2013-05-28,0.4834635751331975,14.479999542236328
2013-05-29,0.48649770652855395,14.829999923706055
2013-05-30,0.4804874489073976,14.529999732971191
2013-05-31,0.4997600354533052,16.299999237060547
2013-06-03,0.5063589603396371,16.280000686645508
2013-06-04,0.5099971347030456,16.270000457763672
2013-06-05,0.5237618960934084,17.5
2013-06-06,0.5224192600746542,16.6299991607666
2013-06-07,0.5310011743028538,15.140000343322754
2013-06-10,0.5300914427892616,15.4399995803833
2013-06-11,0.5468047387162961,17.06999969482422
2013-06-12,0.551983331787026,18.59000015258789
2013-06-13,0.5605848687223325,16.40999984741211
2013-06-14,0.5671952378892655,17.149999618530273
2013-06-17,0.5712819449834217,16.799999237060547
2013-06-18,0.5709895788975031,16.610000610351562
2013-06-19,0.581749773644,16.639999389648438
2013-06-20,0.6146683329491209,20.489999771118164
2013-06-21,0.6124468036512368,18.899999618530273
2013-06-24,0.6210999655670711,20.110000610351562
2013-06-25,0.6248504666407643,18.469999313354492
2013-06-26,0.6274385250422293,17.209999084472656
2013-06-27,0.6237778851651441,16.860000610351562
2013-06-28,0.6252257870493015,16.860000610351562
2013-07-01,0.624549214218215,16.3700008392334
2013-07-02,0.6225387669740714,16.440000534057617
2013-07-03,0.6223029083714252,16.200000762939453
2013-07-05,0.6203391132313956,14.890000343322754
2013-07-08,0.6209838125279521,14.779999732971191
2013-07-09,0.6231102242641665,14.350000381469727
2013-07-10,0.6032406702322881,14.210000038146973
2013-07-11,0.6115492535189906,14.010000228881836
2013-07-12,0.5941310116306344,13.84000015258789
2013-07-15,0.5979377210859527,13.789999961853027
2013-07-16,0.6059252233871113,14.420000076293945
2013-07-17,0.6074754638178717,13.779999732971191
2013-07-18,0.5973367512813824,13.770000457763672
2013-07-19,0.5832848185817291,12.539999961853027
2013-07-22,0.5881527841777416,12.289999961853027
2013-07-23,0.590028145291069,12.65999984741211
2013-07-24,0.5878460555229945,13.180000305175781
2013-07-25,0.5885477254752602,12.970000267028809
2013-07-26,0.5852168574452921,12.720000267028809
2013-07-29,0.5836569430964974,13.390000343322754
2013-07-30,0.5808937296683733,13.390000343322754
2013-07-31,0.583751206365196,13.449999809265137
2013-08-01,0.5879508615960036,12.9399995803833
2013-08-02,0.585233113818936,11.979999542236328
2013-08-05,0.5870404789368165,11.84000015258789
2013-08-06,0.5900010133019802,12.720000267028809
2013-08-07,0.5905655669852047,12.979999542236328
2013-08-08,0.5905957928143861,12.729999542236328
2013-08-09,0.5970890526546944,13.40999984741211
2013-08-12,0.6162785696417845,12.8100004196167
2013-08-13,0.6133902034937692,12.3100004196167
2013-08-14,0.6174070529331084,13.039999961853027
2013-08-15,0.6191197829385721,14.729999542236328
2013-08-16,0.6207050925205287,14.369999885559082
2013-08-19,0.6182066759469869,15.100000381469727
2013-08-20,0.6226702657583314,14.90999984741211
2013-08-21,0.6247156728881069,15.9399995803833
2013-08-22,0.6327909553948081,14.760000228881836
2013-08-23,0.6341502676367554,13.979999542236328
2013-08-26,0.6276262430499917,14.989999771118164
2013-08-27,0.6304618359959276,16.770000457763672
2013-08-28,0.6260607231342303,16.489999771118164
2013-08-29,0.6151168507588177,16.809999465942383
2013-08-30,0.6153166199693143,17.010000228881836
2013-09-03,0.6049948593283232,16.610000610351562
2013-09-04,0.6084920242661122,15.880000114440918
2013-09-05,0.6023235456385403,15.770000457763672
2013-09-06,0.5987524701278966,15.850000381469727
2013-09-09,0.599389989114012,15.630000114440918
2013-09-10,0.5932647873530689,14.529999732971191
2013-09-11,0.58325205627928,13.819999694824219
2013-09-12,0.5821836213038742,14.289999961853027
2013-09-13,0.569952259318278,14.15999984741211
2013-09-16,0.5180059128337003,14.380000114440918
2013-09-17,0.5244582755450352,14.529999732971191
2013-09-18,0.5131382930539645,13.59000015258789
2013-09-19,0.5112126207318897,13.15999984741211
2013-09-20,0.5133064445745072,13.119999885559082
2013-09-23,0.5044943369387008,14.3100004196167
2013-09-24,0.5037911449305932,14.079999923706055
2013-09-25,0.4995145149697156,14.010000228881836
2013-09-26,0.4996235707123188,14.0600004196167
2013-09-27,0.50400264911516,15.460000038146973
2013-09-30,0.5061922582495498,16.600000381469727
2013-10-01,0.5085950802393728,15.539999961853027
2013-10-02,0.495535348437034,16.600000381469727
2013-10-03,0.5026507953031836,17.670000076293945
2013-10-04,0.4859527472518296,16.739999771118164
2013-10-07,0.49885301373628294,19.40999984741211
2013-10-08,0.5003033475928844,20.34000015258789
2013-10-09,0.5001185563542496,19.600000381469727
2013-10-10,0.5483189084410925,16.479999542236328
2013-10-11,0.5548652154291807,15.720000267028809
2013-10-14,0.5835191704780402,16.06999969482422
2013-10-15,0.5882821411777281,18.65999984741211
2013-10-16,0.6017629637365369,14.710000038146973
2013-10-17,0.6019049630780604,13.479999542236328
2013-10-18,0.6010014805406843,13.039999961853027
2013-10-21,0.5977375993987442,13.15999984741211
2013-10-22,0.5935694282126642,13.329999923706055
2013-10-23,0.5836020255630683,13.420000076293945
2013-10-24,0.5837607815055795,13.199999809265137
2013-10-25,0.5778578557130036,13.09000015258789
2013-10-28,0.5787381662495841,13.3100004196167
2013-10-29,0.5778432667653779,13.40999984741211
2013-10-30,0.5755566324321953,13.649999618530273
2013-10-31,0.5747880857455442,13.75
2013-11-01,0.5732621744722872,13.279999732971191
2013-11-04,0.5687715123128452,12.930000305175781
2013-11-05,0.5696053602539372,13.270000457763672
2013-11-06,0.5790833175944244,12.670000076293945
2013-11-07,0.590721935946119,13.90999984741211
2013-11-08,0.5932402287439923,12.899999618530273
2013-11-11,0.5919581948570054,12.529999732971191
2013-11-12,0.5915654494558229,12.819999694824219
2013-11-13,0.5932771531028674,12.520000457763672
2013-11-14,0.5712482307379649,12.369999885559082
2013-11-15,0.5671371195563454,12.1899995803833
2013-11-18,0.5697936153097185,13.100000381469727
2013-11-19,0.5635993341265374,13.390000343322754
2013-11-20,0.5514588204771351,13.399999618530273
2013-11-21,0.5584169053195213,12.65999984741211
2013-11-22,0.5525609251783632,12.260000228881836
2013-11-25,0.547098363953411,12.789999961853027
2013-11-26,0.5518015351314037,12.8100004196167
2013-11-27,0.5500736580062908,12.979999542236328
2013-11-29,0.5509202371360467,13.699999809265137
2013-12-02,0.5453869703858965,14.229999542236328
2013-12-03,0.5338685455221691,14.550000190734863
2013-12-04,0.5333639407070018,14.699999809265137
2013-12-05,0.5381727947242535,15.079999923706055
2013-12-06,0.5458388124198474,13.789999961853027
2013-12-09,0.5458584478424006,13.489999771118164
2013-12-10,0.5483107617100049,13.90999984741211
2013-12-11,0.554108262314817,15.420000076293945
2013-12-12,0.5385782771382848,15.539999961853027
2013-12-13,0.5388994101462894,15.760000228881836
2013-12-16,0.5365925155862148,16.030000686645508
2013-12-17,0.5414344945584879,16.209999084472656
2013-12-18,0.5576758891112501,13.800000190734863
2013-12-19,0.5591950092371964,14.149999618530273
2013-12-20,0.5589843893585765,13.789999961853027
2013-12-23,0.5560596841219193,13.039999961853027
2013-12-24,0.5484411292281894,12.479999542236328
2013-12-26,0.5492574353736103,12.329999923706055
2013-12-27,0.5510680560545897,12.460000038146973
2013-12-30,0.5431822619548796,13.5600004196167
2013-12-31,0.5438727106673996,13.720000267028809
2014-01-02,0.5397788035974183,14.229999542236328
2014-01-03,0.5360235888951781,13.760000228881836
2014-01-06,0.5363794751758932,13.550000190734863
2014-01-07,0.49830132534170746,12.920000076293945
2014-01-08,0.49718994308428976,12.869999885559082
2014-01-09,0.4953543208847992,12.890000343322754
2014-01-10,0.4840271150311427,12.140000343322754
2014-01-13,0.4837723882615285,13.279999732971191
2014-01-14,0.4932216631433766,12.279999732971191
2014-01-15,0.4985473302023144,12.279999732971191
2014-01-16,0.5033820512529071,12.529999732971191
2014-01-17,0.5075594263760823,12.4399995803833
2014-01-21,0.5098159719493915,12.869999885559082
2014-01-22,0.5111327100115315,12.84000015258789
2014-01-23,0.5277930806189659,13.770000457763672
2014-01-24,0.5526997117928902,18.139999389648438
2014-01-27,0.5415822786849421,17.420000076293945
2014-01-28,0.5348426050295809,15.800000190734863
2014-01-29,0.541558391805057,17.350000381469727
2014-01-30,0.5398066004563528,17.290000915527344
2014-01-31,0.5395690936786225,18.40999984741211
2014-02-03,0.569811920082133,21.440000534057617
2014-02-04,0.5631021729210002,19.110000610351562
2014-02-05,0.5526664577483711,19.950000762939453
2014-02-06,0.5518987416358071,17.229999542236328
2014-02-07,0.5598135635740702,15.289999961853027
2014-02-10,0.5593107663308214,15.260000228881836
2014-02-11,0.5657525288239043,14.510000228881836
2014-02-12,0.5846436119231281,14.300000190734863
2014-02-13,0.5806017636056064,14.140000343322754
2014-02-14,0.5801595989370132,13.569999694824219
2014-02-18,0.577887731761339,13.869999885559082
2014-02-19,0.5802582883381948,15.5
2014-02-20,0.5749267260683275,14.789999961853027
2014-02-21,0.5831154947163636,14.680000305175781
2014-02-24,0.5908109040013072,14.229999542236328
2014-02-25,0.5897956136585139,13.670000076293945
2014-02-26,0.5886015501510257,14.350000381469727
2014-02-27,0.589592637587186,14.039999961853027
2014-02-28,0.59281355123047,14.0
2014-03-03,0.6006112133332652,16.0
2014-03-04,0.6107144940145144,14.100000381469727
2014-03-05,0.6055797004976979,13.890000343322754
2014-03-06,0.598571259726633,14.210000038146973
2014-03-07,0.5978594172211691,14.109999656677246
2014-03-10,0.5974138514378906,14.199999809265137
2014-03-11,0.5909061739937499,14.800000190734863
2014-03-12,0.5930874065674483,14.470000267028809
2014-03-13,0.6010685994408271,16.219999313354492
2014-03-14,0.6009821054461548,17.81999969482422
2014-03-17,0.6126771155519255,15.640000343322754
2014-03-18,0.6001118309381186,14.520000457763672
2014-03-19,0.6009652377900411,15.119999885559082
2014-03-20,0.6047595398913322,14.520000457763672
2014-03-21,0.6020864034450752,15.0
2014-03-24,0.5990353373890872,15.09000015258789
2014-03-25,0.5951863114763536,14.020000457763672
2014-03-26,0.5955592828532547,14.930000305175781
2014-03-27,0.594510817482414,14.619999885559082
2014-03-28,0.5960165675920337,14.40999984741211
2014-03-31,0.5978404073345227,13.880000114440918
2014-04-01,0.5963785858197436,13.100000381469727
2014-04-02,0.5969118421513512,13.09000015258789
2014-04-03,0.5969728743865946,13.369999885559082
2014-04-04,0.6011952518522862,13.960000038146973
2014-04-07,0.5974858162690936,15.569999694824219
2014-04-08,0.5999228406659969,14.890000343322754
2014-04-09,0.5945407877172347,13.819999694824219
2014-04-10,0.6082060747071013,15.890000343322754
2014-04-11,0.6053736972377839,17.030000686645508
2014-04-14,0.6083031179104592,16.110000610351562
2014-04-15,0.6097884717569659,15.609999656677246
2014-04-16,0.6168437019863058,14.180000305175781
2014-04-17,0.6172543132107738,13.359999656677246
2014-04-21,0.6096545971848842,13.25
2014-04-22,0.5948822773220119,13.1899995803833
2014-04-23,0.6030753807405452,13.270000457763672
2014-04-24,0.6053550582134859,13.319999694824219
2014-04-25,0.5977524809295225,14.0600004196167
2014-04-28,0.5936542375875329,13.970000267028809
2014-04-29,0.5929138778805765,13.710000038146973
2014-04-30,0.5524996948937798,13.40999984741211
2014-05-01,0.55494858734052,13.25
2014-05-02,0.5544605002478764,12.90999984741211
2014-05-05,0.5413621884479438,13.289999961853027
2014-05-06,0.5434032778835026,13.800000190734863
2014-05-07,0.5521036385806674,13.399999618530273
2014-05-08,0.5389359406050203,13.430000305175781
2014-05-09,0.5403795880743207,12.920000076293945
2014-05-12,0.5446547617464834,12.229999542236328
2014-05-13,0.5464077531981161,12.130000114440918
2014-05-14,0.5508614262740106,12.170000076293945
2014-05-15,0.5449849955236559,13.170000076293945
2014-05-16,0.5469000572528777,12.4399995803833
2014-05-19,0.5445975242289088,12.420000076293945
2014-05-20,0.5438464725855987,12.960000038146973
2014-05-21,0.5522147430004793,11.90999984741211
2014-05-22,0.5542415373922813,12.029999732971191
2014-05-23,0.5546552564246833,11.359999656677246
2014-05-27,0.5545204216430689,11.510000228881836
2014-05-28,0.5431557627997007,11.680000305175781
2014-05-29,0.5306788512146635,11.569999694824219
2014-05-30,0.5391189354392173,11.399999618530273
2014-06-02,0.5377811478949726,11.579999923706055
2014-06-03,0.5381022235609977,11.869999885559082
2014-06-04,0.5391197810491637,12.079999923706055
2014-06-05,0.544962563711531,11.680000305175781
2014-06-06,0.5496109822494353,10.729999542236328
2014-06-09,0.5330420301698697,11.149999618530273
2014-06-10,0.5273042315798527,10.989999771118164
2014-06-11,0.5231510220898434,11.600000381469727
2014-06-12,0.5273247229070696,12.5600004196167
2014-06-13,0.5144905091353096,12.180000305175781
2014-06-16,0.5080255748098701,12.649999618530273
2014-06-17,0.5086731377649462,12.0600004196167
2014-06-18,0.5145055201366961,10.609999656677246
2014-06-19,0.5125855210146073,10.619999885559082
2014-06-20,0.5059767490744626,10.850000381469727
2014-06-23,0.5069941215094778,10.979999542236328
2014-06-24,0.5124356874256447,12.130000114440918
2014-06-25,0.5009649057382606,11.59000015258789
2014-06-26,0.5029057040327649,11.630000114440918
2014-06-27,0.5042367096115639,11.260000228881836
2014-06-30,0.5055476289770399,11.569999694824219
2014-07-01,0.49714028772117524,11.149999618530273
2014-07-02,0.49921356652005155,10.819999694824219
2014-07-03,0.5036085817575554,10.319999694824219
2014-07-07,0.4989324461446187,11.329999923706055
2014-07-08,0.4537843219899652,11.979999542236328
2014-07-09,0.4479853351340025,11.649999618530273
2014-07-10,0.4435163713778718,12.59000015258789
2014-07-11,0.4374977828508239,12.079999923706055
2014-07-14,0.42894346977752607,11.819999694824219
2014-07-15,0.4211367557031333,11.960000038146973
2014-07-16,0.42296312218292975,11.0
2014-07-17,0.4493650692865664,14.539999961853027
2014-07-18,0.45336770982617897,12.0600004196167
2014-07-21,0.4618047112293503,12.8100004196167
2014-07-22,0.4550058871281492,12.239999771118164
2014-07-23,0.4644291388505691,11.520000457763672
2014-07-24,0.46302222723485703,11.84000015258789
2014-07-25,0.46793635111568166,12.6899995803833
2014-07-28,0.468356455524642,12.5600004196167
2014-07-29,0.4797255638380816,13.279999732971191
2014-07-30,0.4831065186528199,13.329999923706055
2014-07-31,0.5284614204609868,16.950000762939453
2014-08-01,0.5095174541090786,17.030000686645508
2014-08-04,0.5140157397012111,15.119999885559082
2014-08-05,0.5226791877050873,16.8700008392334
2014-08-06,0.5182621433909305,16.3700008392334
2014-08-07,0.5185935489478635,16.65999984741211
2014-08-08,0.5233583057521547,15.770000457763672
2014-08-11,0.529187254184037,14.229999542236328
2014-08-12,0.5306880489226172,14.130000114440918
2014-08-13,0.53514101641909,12.899999618530273
2014-08-14,0.5248375296884044,12.420000076293945
2014-08-15,0.5136056648809821,13.149999618530273
2014-08-18,0.520783932768339,12.319999694824219
2014-08-19,0.5207858147563434,12.210000038146973
2014-08-20,0.5192747743831221,11.779999732971191
2014-08-21,0.5192805024264497,11.760000228881836
2014-08-22,0.5207728593517701,11.470000267028809
2014-08-25,0.5254193372154868,11.699999809265137
2014-08-26,0.5261815552516086,11.630000114440918
2014-08-27,0.526760472935826,11.779999732971191
2014-08-28,0.5278213936299884,12.050000190734863
2014-08-29,0.5226865378606618,12.09000015258789
2014-09-02,0.5169888589414252,12.25
2014-09-03,0.5133132141865838,12.359999656677246
2014-09-04,0.5113566143436933,12.640000343322754
2014-09-05,0.5072466271074133,12.09000015258789
2014-09-08,0.4986821822706234,12.65999984741211
2014-09-09,0.5052655040898598,13.5
2014-09-10,0.5060220991363014,12.880000114440918
2014-09-11,0.5071872507775994,12.800000190734863
2014-09-12,0.5036547136017326,13.3100004196167
2014-09-15,0.5035327095402261,14.119999885559082
2014-09-16,0.5116093283059776,12.729999542236328
2014-09-17,0.5137965883945276,12.649999618530273
2014-09-18,0.5061744302738208,12.029999732971191
2014-09-19,0.5102201233100172,12.109999656677246
2014-09-22,0.5166900890792563,13.6899995803833
2014-09-23,0.5204685261426404,14.930000305175781
2014-09-24,0.5230950201573349,13.270000457763672
2014-09-25,0.5573863430984506,15.640000343322754
2014-09-26,0.5656099793771048,14.850000381469727
2014-09-29,0.5632027176214701,15.979999542236328
2014-09-30,0.5621300055780415,16.309999465942383
2014-10-01,0.5779198100853828,16.709999084472656
2014-10-02,0.5776049852236765,16.15999984741211
2014-10-03,0.5874104223131307,14.550000190734863
2014-10-06,0.5886639576804568,15.460000038146973
2014-10-07,0.5982105287230726,17.200000762939453
2014-10-08,0.6232439699949696,15.109999656677246
2014-10-09,0.6604632674806123,18.760000228881836
2014-10-10,0.6431978863996366,21.239999771118164
2014-10-13,0.652171757309164,24.639999389648438
2014-10-14,0.6436548752402185,22.790000915527344
2014-10-15,0.645434282344844,25.270000457763672
2014-10-16,0.6409348133751251,25.200000762939453
2014-10-17,0.6617625095153927,21.989999771118164
2014-10-20,0.6624638432675585,18.56999969482422
2014-10-21,0.6613726819610555,16.079999923706055
2014-10-22,0.6591405458287052,17.8700008392334
2014-10-23,0.6584444029705259,16.530000686645508
2014-10-24,0.642499610667466,16.110000610351562
2014-10-27,0.6466668911492108,16.040000915527344
2014-10-28,0.653278713967451,14.390000343322754
2014-10-29,0.6496827947566026,15.149999618530273
2014-10-30,0.6489074629266514,14.520000457763672
2014-10-31,0.6541188792636974,14.029999732971191
2014-11-03,0.6477774320461033,14.729999542236328
2014-11-04,0.6434195516425862,14.890000343322754
2014-11-05,0.6423144814436308,14.170000076293945
2014-11-06,0.6404381319131937,13.670000076293945
2014-11-07,0.6427836005745104,13.119999885559082
2014-11-10,0.6437343978838423,12.670000076293945
2014-11-11,0.6406092832176774,12.920000076293945
2014-11-12,0.6395056185278751,13.020000457763672
2014-11-13,0.6289429714750352,13.789999961853027
2014-11-14,0.6278084200620537,13.3100004196167
2014-11-17,0.6270079765872507,13.989999771118164
2014-11-18,0.6248190391758313,13.859999656677246
2014-11-19,0.6239041856153876,13.960000038146973
2014-11-20,0.6210859950228942,13.579999923706055
2014-11-21,0.6179682012847525,12.899999618530273
2014-11-24,0.6159195813156407,12.619999885559082
2014-11-25,0.6155893492602429,12.25
2014-11-26,0.6185016599933733,12.069999694824219
2014-11-28,0.5959814381617156,13.329999923706055
2014-12-01,0.5879539478500272,14.15999984741211
2014-12-02,0.5933704384796438,12.850000381469727
2014-12-03,0.5882479189853493,12.5
2014-12-04,0.5888036184449735,12.380000114440918
2014-12-05,0.5841190481445028,11.890000343322754
2014-12-08,0.5888239973951517,14.210000038146973
2014-12-09,0.5888242405467145,15.350000381469727
2014-12-10,0.6040620456362035,18.530000686645508
2014-12-11,0.6042560823240483,20.079999923706055
2014-12-12,0.6174446842845309,21.079999923706055
2014-12-15,0.6199412182789288,20.420000076293945
2014-12-16,0.6140507378566368,23.56999969482422
2014-12-17,0.6294973947163452,19.440000534057617
2014-12-18,0.651987724968471,16.809999465942383
2014-12-19,0.6350473434038075,16.489999771118164
2014-12-22,0.6330888473628776,15.25
2014-12-23,0.6348658345141878,14.800000190734863
2014-12-24,0.6358508366548175,14.369999885559082
2014-12-26,0.6282774836765952,14.5
2014-12-29,0.6280801424798793,15.0600004196167
2014-12-30,0.6269261816053155,15.920000076293945
2014-12-31,0.6353363650642587,19.200000762939453
2015-01-02,0.6292420423954073,17.790000915527344
2015-01-05,0.6349230108145321,19.920000076293945
2015-01-06,0.6226438213359824,21.1200008392334
2015-01-07,0.6327797533327382,19.309999465942383
2015-01-08,0.6385345233988078,17.010000228881836
2015-01-09,0.6462659254288954,17.549999237060547
2015-01-12,0.6484564118479754,19.600000381469727
2015-01-13,0.6542072009409478,20.559999465942383
2015-01-14,0.6455512537740373,21.479999542236328
2015-01-15,0.6464307018880162,22.389999389648438
2015-01-16,0.649424000646422,20.950000762939453
2015-01-20,0.6476384021444227,19.889999389648438
2015-01-21,0.6496385727902989,18.850000381469727
2015-01-22,0.6612099052445874,16.399999618530273
2015-01-23,0.6633514048313167,16.65999984741211
2015-01-26,0.6565314841051899,15.520000457763672
2015-01-27,0.6634133184462954,17.219999313354492
2015-01-28,0.6523666049173716,20.440000534057617
2015-01-29,0.6511384190683056,18.760000228881836
2015-01-30,0.6592227120197931,20.969999313354492
2015-02-02,0.6723687114606025,19.43000030517578
2015-02-03,0.676905272720062,17.329999923706055
2015-02-04,0.6763929945250681,18.329999923706055
2015-02-05,0.679830633341637,16.850000381469727
2015-02-06,0.675834979995902,17.290000915527344
2015-02-09,0.6745583905288115,18.549999237060547
2015-02-10,0.6746102895497528,17.229999542236328
2015-02-11,0.6761824445428654,16.959999084472656
2015-02-12,0.6712347502236227,15.34000015258789
2015-02-13,0.6695994573886227,14.6899995803833
2015-02-17,0.6701692906144059,15.800000190734863
2015-02-18,0.6688677412425335,15.449999809265137
2015-02-19,0.6700006907173088,15.289999961853027
2015-02-20,0.6718221983741839,14.300000190734863
2015-02-23,0.6709341368752579,14.5600004196167
2015-02-24,0.6713072003333348,13.6899995803833
2015-02-25,0.6697188962763632,13.84000015258789
2015-02-26,0.6861405023250701,13.90999984741211
2015-02-27,0.689732457765914,13.34000015258789
2015-03-02,0.6883939980430165,13.039999961853027
2015-03-03,0.6913373824366287,13.859999656677246
2015-03-04,0.6934142076742381,14.229999542236328
2015-03-05,0.6958136557302435,14.039999961853027
2015-03-06,0.6981703400845601,15.199999809265137
2015-03-09,0.6987064701977933,15.0600004196167
2015-03-10,0.6995517224904265,16.690000534057617
2015-03-11,0.696766925400281,16.8700008392334
2015-03-12,0.6802977140542115,15.420000076293945
2015-03-13,0.6793596198321034,16.0
2015-03-16,0.6854184687934224,15.609999656677246
2015-03-17,0.6762138271241527,15.65999984741211
2015-03-18,0.6590803548070832,13.970000267028809
2015-03-19,0.6683402515297117,14.069999694824219
2015-03-20,0.6716891404715032,13.020000457763672
2015-03-23,0.668946394401031,13.40999984741211
2015-03-24,0.6699836805958014,13.619999885559082
2015-03-25,0.668919191526393,15.4399995803833
2015-03-26,0.6688592064331087,15.800000190734863
2015-03-27,0.6634951340156873,15.069999694824219
2015-03-30,0.6641650574617364,14.510000228881836
2015-03-31,0.6667307881867044,15.289999961853027
2015-04-01,0.6542877570387027,15.109999656677246
2015-04-02,0.6543343375258931,14.670000076293945
2015-04-06,0.6542817218567092,14.739999771118164
2015-04-07,0.6399338833595867,14.779999732971191
2015-04-08,0.6368181570757643,13.979999542236328
2015-04-09,0.6341634851707837,13.09000015258789
2015-04-10,0.6195187182123598,12.579999923706055
2015-04-13,0.6206551824423555,13.9399995803833
2015-04-14,0.6181758140899455,13.670000076293945
2015-04-15,0.6179906543269229,12.84000015258789
2015-04-16,0.6195023134284072,12.600000381469727
2015-04-17,0.6242009295358997,13.890000343322754
2015-04-20,0.6145771457249694,13.300000190734863
2015-04-21,0.6125385048701432,13.25
2015-04-22,0.6145947793772907,12.710000038146973
2015-04-23,0.6022305265215581,12.479999542236328
2015-04-24,0.5989980779893045,12.289999961853027
2015-04-27,0.5964755170371807,13.119999885559082
2015-04-28,0.5812676099192574,12.40999984741211
2015-04-29,0.5611213572899167,13.390000343322754
2015-04-30,0.5504267966291516,14.550000190734863
2015-05-01,0.5493623229680304,12.699999809265137
2015-05-04,0.540101880099832,12.850000381469727
2015-05-05,0.5496455912296077,14.3100004196167
2015-05-06,0.5512321585331083,15.149999618530273
2015-05-07,0.5493765706138134,15.130000114440918
2015-05-08,0.5698344599438819,12.859999656677246
2015-05-11,0.57087424190219,13.850000381469727
2015-05-12,0.5721911955553494,13.859999656677246
2015-05-13,0.5726845138743444,13.760000228881836
2015-05-14,0.5796789717915791,12.739999771118164
2015-05-15,0.5807799534100673,12.380000114440918
2015-05-18,0.5799599045134075,12.729999542236328
2015-05-19,0.5770737065559913,12.850000381469727
2015-05-20,0.5768631049995995,12.880000114440918
2015-05-21,0.5780851802681443,12.109999656677246
2015-05-22,0.5817900970610574,12.130000114440918
2015-05-26,0.5931017825629106,14.0600004196167
2015-05-27,0.5967695815572818,13.270000457763672
2015-05-28,0.5967313972072461,13.3100004196167
2015-05-29,0.5961086028603829,13.84000015258789
2015-06-01,0.5970173413360962,13.970000267028809
2015-06-02,0.5875498113282398,14.239999771118164
2015-06-03,0.5885139964984953,13.65999984741211
2015-06-04,0.5680347411407325,14.710000038146973
2015-06-05,0.5674537912952667,14.210000038146973
2015-06-08,0.5800177532455099,15.289999961853027
2015-06-09,0.5771430519358429,14.470000267028809
2015-06-10,0.5810494501768451,13.220000267028809
2015-06-11,0.581870607980224,12.850000381469727
2015-06-12,0.5821311755113551,13.779999732971191
2015-06-15,0.5758403820551768,15.390000343322754
2015-06-16,0.5687918527922347,14.8100004196167
2015-06-17,0.5686800987153746,14.5
2015-06-18,0.5670168672029916,13.1899995803833
2015-06-19,0.5683540451090203,13.960000038146973
2015-06-22,0.5709831001895391,12.739999771118164
2015-06-23,0.5773191349687059,12.109999656677246
2015-06-24,0.5669574020683507,13.260000228881836
2015-06-25,0.562579305380082,14.010000228881836
2015-06-26,0.5655051318676789,14.020000457763672
2015-06-29,0.6014068340777865,18.850000381469727
2015-06-30,0.5958089093656904,18.229999542236328
2015-07-01,0.591642697443958,16.09000015258789
2015-07-02,0.5937609523696351,16.790000915527344
2015-07-06,0.5923815049824112,17.010000228881836
2015-07-07,0.6009434325573902,16.09000015258789
2015-07-08,0.6226060254291849,19.65999984741211
2015-07-09,0.6238904506854419,19.969999313354492
2015-07-10,0.6346378585137409,16.829999923706055
2015-07-13,0.6463324083415116,13.899999618530273
2015-07-14,0.6402465748484387,13.369999885559082
2015-07-15,0.632398680811063,13.229999542236328
2015-07-16,0.6348456345067918,12.109999656677246
2015-07-17,0.6333998636836984,11.949999809265137
2015-07-20,0.640563490270522,12.25
2015-07-21,0.6585921160126605,12.220000267028809
2015-07-22,0.6487908289453569,12.119999885559082
2015-07-23,0.640686160443902,12.640000343322754
2015-07-24,0.6522614914662607,13.739999771118164
2015-07-27,0.6540555683155425,15.600000381469727
2015-07-28,0.6533537006040924,13.4399995803833
2015-07-29,0.6573678907148949,12.5
2015-07-30,0.6472899001431391,12.130000114440918
2015-07-31,0.6374968641654966,12.119999885559082
2015-08-03,0.6355402380315949,12.5600004196167
2015-08-04,0.613671059202621,13.0
2015-08-05,0.6149831507052542,12.510000228881836
2015-08-06,0.6105819263697532,13.770000457763672
2015-08-07,0.6119523553939535,13.390000343322754
2015-08-10,0.6266995525331109,12.229999542236328
2015-08-11,0.6324287282981416,13.710000038146973
2015-08-12,0.6274827390626415,13.609999656677246
2015-08-13,0.6296387674798065,13.489999771118164
2015-08-14,0.632383732456571,12.829999923706055
2015-08-17,0.6321741803859816,13.020000457763672
2015-08-18,0.6305137119301654,13.789999961853027
2015-08-19,0.6368859478343937,15.25
2015-08-20,0.6490825066707148,19.139999389648438
2015-08-21,0.6950308172195782,28.030000686645508
2015-08-24,0.7413216037448962,40.7400016784668
2015-08-25,0.7417739347249523,36.02000045776367
2015-08-26,0.7698385617827175,30.31999969482422
2015-08-27,0.7825768826573734,26.100000381469727
2015-08-28,0.7772262302250798,26.049999237060547
2015-08-31,0.7752758620879517,28.43000030517578
2015-09-01,0.7886248333684654,31.399999618530273
2015-09-02,0.7927553477778513,26.09000015258789
2015-09-03,0.7881281990273779,25.610000610351562
2015-09-04,0.7921050406541083,27.799999237060547
2015-09-08,0.7995775907421967,24.899999618530273
2015-09-09,0.8020835168640918,26.229999542236328
2015-09-10,0.8008788826137421,24.3700008392334
2015-09-11,0.8005754569699931,23.200000762939453
2015-09-14,0.8000275770525457,24.25
2015-09-15,0.8026623528455208,22.540000915527344
2015-09-16,0.8027146491599056,21.350000381469727
2015-09-17,0.8004198256133941,21.139999389648438
2015-09-18,0.8034700722974353,22.280000686645508
2015-09-21,0.8041740574524143,20.139999389648438
2015-09-22,0.8056131480107215,22.440000534057617
2015-09-23,0.8010443217315035,22.1299991607666
2015-09-24,0.7950848085928207,23.469999313354492
2015-09-25,0.7966378991702725,23.6200008392334
2015-09-28,0.7983211159655472,27.6299991607666
2015-09-29,0.797002705538189,26.829999923706055
2015-09-30,0.8020633248093493,24.5
2015-10-01,0.7987201590672603,22.549999237060547
2015-10-02,0.7995481297867575,20.940000534057617
2015-10-05,0.8030275602138346,19.540000915527344
2015-10-06,0.8002261285729233,19.399999618530273
2015-10-07,0.8002418900160919,18.399999618530273
2015-10-08,0.8027559355194217,17.420000076293945
2015-10-09,0.8018210931162958,17.079999923706055
2015-10-12,0.8022224243595513,16.170000076293945
2015-10-13,0.8027311483249425,17.670000076293945
2015-10-14,0.7883768666154322,18.030000686645508
2015-10-15,0.7925894569853811,16.049999237060547
2015-10-16,0.7942615948649984,15.050000190734863
2015-10-19,0.7930187065955194,14.979999542236328
2015-10-20,0.7922441036961738,15.75
2015-10-21,0.7918220050419494,16.700000762939453
2015-10-22,0.7977084014305851,14.449999809265137
2015-10-23,0.7905063021105323,14.460000038146973
2015-10-26,0.7921846657735949,15.289999961853027
2015-10-27,0.7938496906377126,15.430000305175781
2015-10-28,0.7917768872230394,14.329999923706055
2015-10-29,0.7921351160378263,14.609999656677246
2015-10-30,0.7927003169481515,15.069999694824219
2015-11-02,0.7915181011160854,14.149999618530273
2015-11-03,0.7884777277442645,14.539999961853027
2015-11-04,0.788789496597055,15.510000228881836
2015-11-05,0.7890861439208534,15.050000190734863
2015-11-06,0.7869084404192479,14.329999923706055
2015-11-09,0.7885877134261963,16.520000457763672
2015-11-10,0.7874566439339329,15.289999961853027
2015-11-11,0.7868220046956913,16.059999465942383
2015-11-12,0.7865694849157618,18.3700008392334
2015-11-13,0.7810531647541133,20.079999923706055
2015-11-16,0.7702795178108726,18.15999984741211
2015-11-17,0.7441203919125222,18.84000015258789
2015-11-18,0.744438697696636,16.850000381469727
2015-11-19,0.7252786906104985,16.989999771118164
2015-11-20,0.7127387532453369,15.470000267028809
2015-11-23,0.7147442068662822,15.619999885559082
2015-11-24,0.7173120521244079,15.930000305175781
2015-11-25,0.6928121331292124,15.1899995803833
2015-11-27,0.6877179994870448,15.119999885559082
2015-11-30,0.6867324267257924,16.1299991607666
2015-12-01,0.6753523955824378,14.670000076293945
2015-12-02,0.6634112366674056,15.90999984741211
2015-12-03,0.6575224391417418,18.110000610351562
2015-12-04,0.6657136244982452,14.8100004196167
2015-12-07,0.6664303966558763,15.84000015258789
2015-12-08,0.6710205781840735,17.600000381469727
2015-12-09,0.6646283137975846,19.610000610351562
2015-12-10,0.6629767082600808,19.34000015258789
2015-12-11,0.675306562458554,24.389999389648438
2015-12-14,0.6626567263296155,22.729999542236328
2015-12-15,0.6475037960039,20.950000762939453
2015-12-16,0.6436939217047305,17.860000610351562
2015-12-17,0.6555224702908352,18.940000534057617
2015-12-18,0.673735924625214,20.700000762939453
2015-12-21,0.6748600957009955,18.700000762939453
2015-12-22,0.6678751522504144,16.600000381469727
2015-12-23,0.674775631136714,15.569999694824219
2015-12-24,0.6725045560413447,15.739999771118164
2015-12-28,0.6730103322262535,16.90999984741211
2015-12-29,0.6761381633840692,16.079999923706055
2015-12-30,0.6677017466740789,17.290000915527344
2015-12-31,0.6715242260258397,18.209999084472656
2016-01-04,0.6735589228248624,20.700000762939453
2016-01-05,0.6705471805915827,19.34000015258789
2016-01-06,0.678035614399131,20.59000015258789
2016-01-07,0.6933275417381821,24.989999771118164
2016-01-08,0.6953594168917469,27.010000228881836
2016-01-11,0.7005529943816454,24.299999237060547
2016-01-12,0.6985687363863302,22.469999313354492
2016-01-13,0.7093248124705692,25.219999313354492
2016-01-14,0.7142897016364734,23.950000762939453
2016-01-15,0.7268191824312187,27.020000457763672
2016-01-19,0.7206380170524879,26.049999237060547
2016-01-20,0.7107580214781255,27.59000015258789
2016-01-21,0.719021543527431,26.690000534057617
2016-01-22,0.7278804684149872,22.34000015258789
2016-01-25,0.7278955191593873,24.149999618530273
2016-01-26,0.7356675473726815,22.5
2016-01-27,0.7247839658278962,23.110000610351562
2016-01-28,0.7274703582627355,22.420000076293945
2016-01-29,0.7394035451391873,20.200000762939453
2016-02-01,0.7391347512552185,19.979999542236328
2016-02-02,0.7472878792459763,21.979999542236328
2016-02-03,0.744334020129651,21.649999618530273
2016-02-04,0.7432773214706605,21.84000015258789
2016-02-05,0.7398223719621829,23.3799991607666
2016-02-08,0.7315114785934769,26.0
2016-02-09,0.7306370071676899,26.540000915527344
2016-02-10,0.727701835925985,26.290000915527344
2016-02-11,0.7108693296325708,28.139999389648438
2016-02-12,0.7097463859819156,25.399999618530273
2016-02-16,0.7138071134248871,24.110000610351562
2016-02-17,0.7129583321357866,22.309999465942383
2016-02-18,0.7147410892041759,21.639999389648438
2016-02-19,0.716327344108061,20.530000686645508
2016-02-22,0.7196099020495508,19.3799991607666
2016-02-23,0.7219955600723824,20.979999542236328
2016-02-24,0.7217232119620158,20.719999313354492
2016-02-25,0.7235149722005895,19.110000610351562
2016-02-26,0.7187098665203521,19.809999465942383
2016-02-29,0.7179947751375051,20.549999237060547
2016-03-01,0.7245523824619241,17.700000762939453
2016-03-02,0.7232927695682532,17.09000015258789
2016-03-03,0.7188859118021319,16.700000762939453
2016-03-04,0.7201505476703205,16.860000610351562
2016-03-07,0.7161061444516996,17.350000381469727
2016-03-08,0.7148118440467088,18.670000076293945
2016-03-09,0.7133393503677607,18.34000015258789
2016-03-10,0.7078846483050671,18.049999237060547
2016-03-11,0.7085061962502825,16.5
2016-03-14,0.7191312011669594,16.920000076293945
2016-03-15,0.7188306821298089,16.84000015258789
2016-03-16,0.7129536648896098,14.989999771118164
2016-03-17,0.7073665549222776,14.4399995803833
2016-03-18,0.7031117474087036,14.020000457763672
2016-03-21,0.7009486717396094,13.789999961853027
2016-03-22,0.6968675256122713,14.170000076293945
2016-03-23,0.6969537923017171,14.9399995803833
2016-03-24,0.6964824101885098,14.739999771118164
2016-03-28,0.6938043733455427,15.239999771118164
2016-03-29,0.6905566620707831,13.819999694824219
2016-03-30,0.6896843789409509,13.5600004196167
2016-03-31,0.6878411268305576,13.949999809265137
2016-04-01,0.687707043696053,13.100000381469727
2016-04-04,0.6838281146530617,14.119999885559082
2016-04-05,0.6752787619410217,15.420000076293945
2016-04-06,0.672937297960593,14.09000015258789
2016-04-07,0.6800864488896082,16.15999984741211
2016-04-08,0.6811880751980404,15.359999656677246
2016-04-11,0.6720258301434803,16.260000228881836
2016-04-12,0.6727040634155486,14.850000381469727
2016-04-13,0.652440593422335,13.84000015258789
2016-04-14,0.6581133755751436,13.720000267028809
2016-04-15,0.6474945557280487,13.619999885559082
2016-04-18,0.6494135230393426,13.350000381469727
2016-04-19,0.6434055364255734,13.239999771118164
2016-04-20,0.62785781605712,13.279999732971191
2016-04-21,0.6265560071137136,13.949999809265137
2016-04-22,0.6262193787010332,13.220000267028809
2016-04-25,0.6225709286116936,14.079999923706055
2016-04-26,0.5957614164699248,13.960000038146973
2016-04-27,0.5885112756977032,13.770000457763672
2016-04-28,0.5646463921905042,15.220000267028809
2016-04-29,0.5695245020563098,15.699999809265137
2016-05-02,0.5769899629887526,14.680000305175781
2016-05-03,0.5795611053092072,15.600000381469727
2016-05-04,0.5936219081392757,16.049999237060547
2016-05-05,0.5958245684657252,15.90999984741211
2016-05-06,0.5918337731269967,14.720000267028809
2016-05-09,0.6151431058793946,14.569999694824219
2016-05-10,0.6042868570670543,13.630000114440918
2016-05-11,0.6030787666093704,14.6899995803833
2016-05-12,0.5913152648228127,14.40999984741211
2016-05-13,0.601445732520349,15.039999961853027
2016-05-16,0.6074201830208826,14.680000305175781
2016-05-17,0.6032156672723219,15.569999694824219
2016-05-18,0.57883064635464,15.949999809265137
2016-05-19,0.5636748329173885,16.329999923706055
2016-05-20,0.5573648266036808,15.199999809265137
2016-05-23,0.5625821476304596,15.819999694824219
2016-05-24,0.5647675626403863,14.420000076293945
2016-05-25,0.5390321835383737,13.899999618530273
2016-05-26,0.538100735953256,13.430000305175781
2016-05-27,0.5402960760716171,13.119999885559082
2016-05-31,0.5398346528129784,14.1899995803833
2016-06-01,0.5454482976672507,14.199999809265137
2016-06-02,0.5401286676994712,13.630000114440918
2016-06-03,0.5406420205037015,13.470000267028809
2016-06-06,0.5458425995025407,13.649999618530273
2016-06-07,0.5341029296309227,14.050000190734863
2016-06-08,0.5340187721364061,14.079999923706055
2016-06-09,0.5342752335593971,14.640000343322754
2016-06-10,0.5433157207432844,17.030000686645508
2016-06-13,0.5405216030287893,20.969999313354492
2016-06-14,0.5393276924211968,20.5
2016-06-15,0.5417267046377537,20.139999389648438
2016-06-16,0.5412948373906852,19.3700008392334
2016-06-17,0.5364390531984867,19.40999984741211
2016-06-20,0.5393064368498932,18.3700008392334
2016-06-21,0.5419704470737122,18.479999542236328
2016-06-22,0.5462608064878746,21.170000076293945
2016-06-23,0.5622532216293836,17.25
2016-06-24,0.6453514048316071,25.760000228881836
2016-06-27,0.6583371058821792,23.850000381469727
2016-06-28,0.669535516422804,18.75
2016-06-29,0.6804366291571958,16.639999389648438
2016-06-30,0.6851243271083609,15.630000114440918
2016-07-01,0.6806755490759095,14.770000457763672
2016-07-05,0.6786043476761123,15.579999923706055
2016-07-06,0.678950714439374,14.960000038146973
2016-07-07,0.672758304145039,14.760000228881836
2016-07-08,0.6829701935194511,13.199999809265137
2016-07-11,0.6850087490859026,13.539999961853027
2016-07-12,0.6853179237378159,13.550000190734863
2016-07-13,0.6850118941405429,13.039999961853027
2016-07-14,0.6850108819506441,12.819999694824219
2016-07-15,0.6981742634966082,12.670000076293945
2016-07-18,0.6948704518453869,12.4399995803833
2016-07-19,0.7068692301400759,11.970000267028809
2016-07-20,0.7018194530182871,11.770000457763672
2016-07-21,0.7081684529316862,12.739999771118164
2016-07-22,0.7156920697653191,12.020000457763672
2016-07-25,0.7123513968411493,12.869999885559082
2016-07-26,0.7067112583628805,13.050000190734863
2016-07-27,0.6952895754989256,12.829999923706055
2016-07-28,0.6919418683164416,12.720000267028809
2016-07-29,0.6896716540218961,11.869999885559082
2016-08-01,0.6834695611903784,12.4399995803833
2016-08-02,0.6820734957995531,13.369999885559082
2016-08-03,0.6814310219549402,12.859999656677246
2016-08-04,0.6749668466614167,12.420000076293945
2016-08-05,0.6738837079282458,11.390000343322754
2016-08-08,0.6756746272764229,11.5
2016-08-09,0.6672126110124965,11.65999984741211
2016-08-10,0.6629136297749503,12.050000190734863
2016-08-11,0.6612923266506721,11.680000305175781
2016-08-12,0.671894562344337,11.550000190734863
2016-08-15,0.6912618303008493,11.8100004196167
2016-08-16,0.6927484957393416,12.640000343322754
2016-08-17,0.6920196990644362,12.1899995803833
2016-08-18,0.6859749556231154,11.430000305175781
2016-08-19,0.6815772211522017,11.34000015258789
2016-08-22,0.6828375206470374,12.270000457763672
2016-08-23,0.6818835822168235,12.380000114440918
2016-08-24,0.6824417385218146,13.449999809265137
2016-08-25,0.6835121881051601,13.630000114440918
2016-08-26,0.6844825508755701,13.649999618530273
2016-08-29,0.6893666845731744,12.9399995803833
2016-08-30,0.6867567292077645,13.119999885559082
2016-08-31,0.6904977504060661,13.420000076293945
2016-09-01,0.6887671737035117,13.479999542236328
2016-09-02,0.6903071659409468,11.979999542236328
2016-09-06,0.6866223417170885,12.020000457763672
2016-09-07,0.6829014289337391,11.9399995803833
2016-09-08,0.6842106556484128,12.510000228881836
2016-09-09,0.7114102232882791,17.5
2016-09-12,0.7186225591030937,15.15999984741211
2016-09-13,0.7262300491981151,17.850000381469727
2016-09-14,0.7253372493994769,18.139999389648438
2016-09-15,0.7266485405095973,16.299999237060547
2016-09-16,0.7231851048199303,15.369999885559082
2016-09-19,0.7140608898032101,15.529999732971191
2016-09-20,0.6490912682296159,15.920000076293945
2016-09-21,0.6281935467897497,13.300000190734863
2016-09-22,0.6134472983850149,12.020000457763672
2016-09-23,0.5925039581345628,12.289999961853027
2016-09-26,0.5819508656263044,14.5
2016-09-27,0.5843261886087459,13.100000381469727
2016-09-28,0.5806471735664313,12.390000343322754
2016-09-29,0.5821265258613036,14.020000457763672
2016-09-30,0.5915428054897374,13.289999961853027
2016-10-03,0.5753773996010028,13.569999694824219
2016-10-04,0.5729664343831209,13.630000114440918
2016-10-05,0.5752285921780957,12.989999771118164
2016-10-06,0.5736374590514406,12.84000015258789
2016-10-07,0.5712350371653091,13.479999542236328
2016-10-10,0.5706664728203333,13.380000114440918
2016-10-11,0.5787669161814832,15.359999656677246
2016-10-12,0.5782340363642388,15.90999984741211
2016-10-13,0.5901088747655834,16.690000534057617
2016-10-14,0.589715660014644,16.1200008392334
2016-10-17,0.593486711286063,16.209999084472656
2016-10-18,0.5940337450247216,15.279999732971191
2016-10-19,0.5898451813177661,14.40999984741211
2016-10-20,0.6026580872528396,13.75
2016-10-21,0.5938681941920436,13.34000015258789
2016-10-24,0.5972378866643122,13.020000457763672
2016-10-25,0.5943280117943163,13.460000038146973
2016-10-26,0.5881506668875212,14.239999771118164
2016-10-27,0.5848783004106723,15.359999656677246
2016-10-28,0.5747190298362244,16.190000534057617
2016-10-31,0.5698866887091056,17.059999465942383
2016-11-01,0.569411389398055,18.559999465942383
2016-11-02,0.5694793725488706,19.31999969482422
2016-11-03,0.5707370863819359,22.079999923706055
2016-11-04,0.5698388786729697,22.510000228881836
2016-11-07,0.6105504129671586,18.709999084472656
2016-11-08,0.6091579419068427,18.739999771118164
2016-11-09,0.5901667582684527,14.380000114440918
2016-11-10,0.550955751880189,14.739999771118164
2016-11-11,0.5501553719218769,14.170000076293945
2016-11-14,0.5393879775192578,14.479999542236328
2016-11-15,0.5405035762912342,13.369999885559082
2016-11-16,0.5395029946185743,13.720000267028809
2016-11-17,0.529051012044502,13.350000381469727
2016-11-18,0.5282794122828071,12.850000381469727
2016-11-21,0.5291927798071531,12.420000076293945
2016-11-22,0.5271376385081858,12.40999984741211
2016-11-23,0.5273227083125545,12.430000305175781
2016-11-25,0.5271162419501628,12.34000015258789
2016-11-28,0.5295190632923225,13.149999618530273
2016-11-29,0.527671692085842,12.899999618530273
2016-11-30,0.5124805448243943,13.329999923706055
2016-12-01,0.5068075415700418,14.069999694824219
2016-12-02,0.5068392100719623,14.119999885559082
2016-12-05,0.4558225381213732,12.140000343322754
2016-12-06,0.43917011293848834,11.789999961853027
2016-12-07,0.4350274280464898,12.220000267028809
2016-12-08,0.43526739131076775,12.640000343322754
2016-12-09,0.4332043628082287,11.75
2016-12-12,0.42660729559926774,12.640000343322754
2016-12-13,0.42678689444253937,12.720000267028809
2016-12-14,0.4398004643783998,13.1899995803833
2016-12-15,0.4378809066386073,12.789999961853027
2016-12-16,0.4332182251370996,12.199999809265137
2016-12-19,0.4221178470494271,11.710000038146973
2016-12-20,0.41019080118669055,11.449999809265137
2016-12-21,0.4099513571176637,11.270000457763672
2016-12-22,0.40912997617840086,11.430000305175781
2016-12-23,0.4018571433830619,11.4399995803833
2016-12-27,0.39332692272247805,11.989999771118164
2016-12-28,0.40051415191549616,12.949999809265137
2016-12-29,0.39759930275739724,13.369999885559082
2016-12-30,0.3938966095875376,14.039999961853027
2017-01-03,0.3986341137656377,12.850000381469727
2017-01-04,0.3976324738081861,11.850000381469727
2017-01-05,0.40035832394678,11.670000076293945
2017-01-06,0.3865622260510418,11.319999694824219
2017-01-09,0.3921268829821549,11.5600004196167
2017-01-10,0.38915300378704726,11.489999771118164
2017-01-11,0.39132455984774783,11.260000228881836
2017-01-12,0.3947883152013757,11.539999961853027
2017-01-13,0.39354434172568387,11.229999542236328
2017-01-17,0.39232598476438735,11.869999885559082
2017-01-18,0.3884134911054483,12.479999542236328
2017-01-19,0.39507228174638565,12.779999732971191
2017-01-20,0.3904112942079511,11.539999961853027
2017-01-23,0.3972639084574626,11.770000457763672
2017-01-24,0.4074075921602901,11.069999694824219
2017-01-25,0.4111176886011975,10.8100004196167
2017-01-26,0.41979721521578794,10.630000114440918
2017-01-27,0.41676604684378216,10.579999923706055
2017-01-30,0.4254890925439998,11.880000114440918
2017-01-31,0.4230737006492998,11.989999771118164
2017-02-01,0.4189315962291653,11.8100004196167
2017-02-02,0.41001223434230905,11.930000305175781
2017-02-03,0.35579416093856897,10.970000267028809
2017-02-06,0.35507716333360595,11.369999885559082
2017-02-07,0.3517043074162337,11.289999961853027
2017-02-08,0.38382883009199736,11.449999809265137
2017-02-09,0.38534851221853816,10.880000114440918
2017-02-10,0.39548948076074775,10.850000381469727
2017-02-13,0.3959070053537047,11.069999694824219
2017-02-14,0.396947960717981,10.739999771118164
2017-02-15,0.40343070832262473,11.970000267028809
2017-02-16,0.3978965793848668,11.760000228881836
2017-02-17,0.39513188308354047,11.489999771118164
2017-02-21,0.3999408611583806,11.569999694824219
2017-02-22,0.40288007640707546,11.739999771118164
2017-02-23,0.39958564155280824,11.710000038146973
2017-02-24,0.3944223424969047,11.470000267028809
2017-02-27,0.3918080778485246,12.09000015258789
2017-02-28,0.42018028192166523,12.920000076293945
2017-03-01,0.45824974363429094,12.539999961853027
2017-03-02,0.46462905922525727,11.8100004196167
2017-03-03,0.4672971694721686,10.960000038146973
2017-03-06,0.47067698405318587,11.239999771118164
2017-03-07,0.44131197914504794,11.449999809265137
2017-03-08,0.44620907035402546,11.859999656677246
2017-03-09,0.4370361605350549,12.300000190734863
2017-03-10,0.44191598973910073,11.65999984741211
2017-03-13,0.44037060956930796,11.350000381469727
2017-03-14,0.42497720919685344,12.300000190734863
2017-03-15,0.42718579521037714,11.630000114440918
2017-03-16,0.43266760717294506,11.210000038146973
2017-03-17,0.43259473486354016,11.279999732971191
2017-03-20,0.4304243403104862,11.34000015258789
2017-03-21,0.4416643040261997,12.470000267028809
2017-03-22,0.4410545759310061,12.8100004196167
2017-03-23,0.4419687053584835,13.119999885559082
2017-03-24,0.4412298242886039,12.960000038146973
2017-03-27,0.43055300294821386,12.5
2017-03-28,0.44207984265299416,11.529999732971191
2017-03-29,0.4400824594160421,11.420000076293945
2017-03-30,0.43144129915535745,11.539999961853027
2017-03-31,0.43352590092826365,12.369999885559082
2017-04-03,0.4335132452944411,12.380000114440918
2017-04-04,0.4355773273076141,11.789999961853027
2017-04-05,0.43216732767708776,12.890000343322754
2017-04-06,0.4327821812970181,12.390000343322754
2017-04-07,0.4298425179597998,12.869999885559082
2017-04-10,0.4234416482198025,14.050000190734863
2017-04-11,0.4237616827209589,15.069999694824219
2017-04-12,0.4364852985809251,15.770000457763672
2017-04-13,0.45669180205364696,15.960000038146973
2017-04-17,0.46221596780439905,14.65999984741211
2017-04-18,0.45917011968302573,14.420000076293945
2017-04-19,0.46356356478003036,14.930000305175781
2017-04-20,0.4623839551599357,14.149999618530273
2017-04-21,0.45586108116526497,14.630000114440918
2017-04-24,0.47130784196064096,10.84000015258789
2017-04-25,0.4766492922683635,10.760000228881836
2017-04-26,0.46816445689593733,10.850000381469727
2017-04-27,0.46728784375895327,10.359999656677246
2017-04-28,0.4823795837369853,10.819999694824219
2017-05-01,0.48145664355605466,10.109999656677246
2017-05-02,0.47849108248787076,10.59000015258789
2017-05-03,0.4770952591603292,10.680000305175781
2017-05-04,0.47650668513816574,10.460000038146973
2017-05-05,0.4777375278073016,10.569999694824219
2017-05-08,0.47497299643766866,9.770000457763672
2017-05-09,0.4807307845283636,9.960000038146973
2017-05-10,0.46887279764230916,10.210000038146973
2017-05-11,0.4644317526416587,10.600000381469727
2017-05-12,0.46958103517567096,10.399999618530273
2017-05-15,0.47938479816390933,10.420000076293945
2017-05-16,0.47759406647951835,10.649999618530273
2017-05-17,0.5006287207038885,15.59000015258789
2017-05-18,0.4854551959323713,14.65999984741211
2017-05-19,0.49318613093233,12.039999961853027
2017-05-22,0.49601271298941685,10.930000305175781
2017-05-23,0.49930500628013536,10.720000267028809
2017-05-24,0.4972760332801883,10.020000457763672
2017-05-25,0.4675070534321345,9.989999771118164
2017-05-26,0.46698032376184406,9.8100004196167
2017-05-30,0.46714219686194214,10.380000114440918
2017-05-31,0.46131030344069385,10.40999984741211
2017-06-01,0.4648688478841483,9.890000343322754
2017-06-02,0.45890272108175684,9.75
2017-06-05,0.4596771862865177,10.069999694824219
2017-06-06,0.4578738622172208,10.449999809265137
2017-06-07,0.4556229328535009,10.390000343322754
2017-06-08,0.45063654477216686,10.15999984741211
2017-06-09,0.43217857066841053,10.699999809265137
2017-06-12,0.42648616612138834,11.460000038146973
2017-06-13,0.42785476728957167,10.420000076293945
2017-06-14,0.4271102599780329,10.640000343322754
2017-06-15,0.4141618717390772,10.899999618530273
2017-06-16,0.4072777135396556,10.380000114440918
2017-06-19,0.405018205012022,10.369999885559082
2017-06-20,0.4120981836108187,10.859999656677246
2017-06-21,0.4192148833229118,10.75
2017-06-22,0.4114622394288688,10.479999542236328
2017-06-23,0.41194990853528524,10.020000457763672
2017-06-26,0.41355656522861006,9.899999618530273
2017-06-27,0.4162789281363284,11.0600004196167
2017-06-28,0.42256164296358933,10.029999732971191
2017-06-29,0.41873712246648653,11.4399995803833
2017-06-30,0.41646315623975666,11.180000305175781
2017-07-03,0.4182705387580974,11.220000267028809
2017-07-05,0.4120944423198717,11.069999694824219
2017-07-06,0.42455473677579825,12.539999961853027
2017-07-07,0.42557635798170185,11.1899995803833
2017-07-10,0.42776731340358565,11.109999656677246
2017-07-11,0.4097847530680272,10.890000343322754
2017-07-12,0.4017832367143832,10.300000190734863
2017-07-13,0.4074853677967064,9.899999618530273
2017-07-14,0.4026404621134699,9.510000228881836
2017-07-17,0.397166875448759,9.819999694824219
2017-07-18,0.3950294609211302,9.890000343322754
2017-07-19,0.3800134169015271,9.789999961853027
2017-07-20,0.37861318821344303,9.579999923706055
2017-07-21,0.37789697867444005,9.359999656677246
2017-07-24,0.3778926037062691,9.430000305175781
2017-07-25,0.37856426084299166,9.430000305175781
2017-07-26,0.3701704058037563,9.600000381469727
2017-07-27,0.37242445430319143,10.109999656677246
2017-07-28,0.3672447498802328,10.289999961853027
2017-07-31,0.3712417187143254,10.260000228881836
2017-08-01,0.3675943111964754,10.09000015258789
2017-08-02,0.3667858799875809,10.279999732971191
2017-08-03,0.3632129905576618,10.4399995803833
2017-08-04,0.3618978559885397,10.029999732971191
2017-08-07,0.36183694723936644,9.930000305175781
2017-08-08,0.35849614997304285,10.960000038146973
2017-08-09,0.35369974378981983,11.109999656677246
2017-08-10,0.3768571630268136,16.040000915527344
2017-08-11,0.32892435101358963,15.510000228881836
2017-08-14,0.35347432831961356,12.329999923706055
2017-08-15,0.3458849023832341,12.039999961853027
2017-08-16,0.3443561905521147,11.739999771118164
2017-08-17,0.3841433897890495,15.550000190734863
2017-08-18,0.38596723104105224,14.260000228881836
2017-08-21,0.3912268215396139,13.1899995803833
2017-08-22,0.39729492193793786,11.350000381469727
2017-08-23,0.3992941173574953,12.25
2017-08-24,0.4024827862837476,12.229999542236328
2017-08-25,0.39661539364499454,11.279999732971191
2017-08-28,0.4021777543229919,11.319999694824219
2017-08-29,0.402983157233397,11.699999809265137
2017-08-30,0.40489769670029957,11.220000267028809
2017-08-31,0.4078431048395836,10.59000015258789
2017-09-01,0.4133303824475404,10.130000114440918
2017-09-05,0.4139740852076382,12.229999542236328
2017-09-06,0.4187732516224633,11.630000114440918
2017-09-07,0.41279969292544055,11.550000190734863
2017-09-08,0.4202182670438955,12.119999885559082
2017-09-11,0.4457094999877165,10.729999542236328
2017-09-12,0.4550542908755338,10.579999923706055
2017-09-13,0.4553939929545643,10.5
2017-09-14,0.4479922314014015,10.4399995803833
2017-09-15,0.44234253181733996,10.170000076293945
2017-09-18,0.4380616219892374,10.149999618530273
2017-09-19,0.43867417557275645,10.180000305175781
2017-09-20,0.43827430790802796,9.779999732971191
2017-09-21,0.43078538564790636,9.670000076293945
2017-09-22,0.42209554558210866,9.59000015258789
2017-09-25,0.4205647985723986,10.210000038146973
2017-09-26,0.4210971948145116,10.170000076293945
2017-09-27,0.4111243623339975,9.869999885559082
2017-09-28,0.4203000532033944,9.550000190734863
2017-09-29,0.4012580577955154,9.510000228881836
2017-10-02,0.39697424529027453,9.449999809265137
2017-10-03,0.39740744096624875,9.510000228881836
2017-10-04,0.39786034953880245,9.630000114440918
2017-10-05,0.4014194341209059,9.1899995803833
2017-10-06,0.4023811335557023,9.649999618530273
2017-10-09,0.40113493416642465,10.329999923706055
2017-10-10,0.3993141925184028,10.079999923706055
2017-10-11,0.3983662450862896,9.850000381469727
2017-10-12,0.39309476910239916,9.90999984741211
2017-10-13,0.38854540517081804,9.609999656677246
2017-10-16,0.387107782050345,9.90999984741211
2017-10-17,0.3910102610618752,10.3100004196167
2017-10-18,0.39119668209085556,10.069999694824219
2017-10-19,0.4021367636851319,10.050000190734863
2017-10-20,0.3974189872173846,9.970000267028809
2017-10-23,0.3995415085895454,11.069999694824219
2017-10-24,0.39306088336704725,11.15999984741211
2017-10-25,0.39985525494456436,11.229999542236328
2017-10-26,0.4032378171676879,11.300000190734863
2017-10-27,0.3726666454289679,9.800000190734863
2017-10-30,0.37614632324810116,10.5
2017-10-31,0.37503630563942264,10.180000305175781
2017-11-01,0.3748138455010369,10.199999809265137
2017-11-02,0.37365016084801983,9.930000305175781
2017-11-03,0.3418023947774328,9.140000343322754
2017-11-06,0.3369988149223599,9.399999618530273
2017-11-07,0.3232725021755468,9.890000343322754
2017-11-08,0.320766946437702,9.779999732971191
2017-11-09,0.3227581239884165,10.5
2017-11-10,0.2591464795611112,11.289999961853027
2017-11-13,0.2556914337200895,11.5
2017-11-14,0.2562400188665195,11.59000015258789
2017-11-15,0.25344629977419936,13.130000114440918
2017-11-16,0.24893630225218483,11.760000228881836
2017-11-17,0.26050602129697376,11.430000305175781
2017-11-20,0.2607448612465369,10.649999618530273
2017-11-21,0.2608453345111691,9.729999542236328
2017-11-22,0.2618462694489454,9.880000114440918
2017-11-24,0.2624036557353446,9.670000076293945
2017-11-27,0.2628384974087957,9.869999885559082
2017-11-28,0.2868270043071395,10.029999732971191
2017-11-29,0.27996101122471584,10.699999809265137
2017-11-30,0.29521404100855236,11.279999732971191
2017-12-01,0.29428141245946593,11.430000305175781
2017-12-04,0.2782818106307011,11.680000305175781
2017-12-05,0.2564092361155622,11.329999923706055
2017-12-06,0.2552860882328182,11.020000457763672
2017-12-07,0.2541801833234187,10.15999984741211
2017-12-08,0.2561456552832532,9.579999923706055
2017-12-11,0.2528065984110922,9.34000015258789
2017-12-12,0.24446045407499759,9.920000076293945
2017-12-13,0.23765854911074719,10.180000305175781
2017-12-14,0.24229785564381867,10.489999771118164
2017-12-15,0.24945402176964446,9.420000076293945
2017-12-18,0.2538855332012905,9.529999732971191
2017-12-19,0.25695851897169836,10.029999732971191
2017-12-20,0.254293883127649,9.720000267028809
2017-12-21,0.25733063510276927,9.619999885559082
2017-12-22,0.2586358789684045,9.899999618530273
2017-12-26,0.2582013404033948,10.25
2017-12-27,0.2605652560959988,10.470000267028809
2017-12-28,0.26168249863617005,10.180000305175781
2017-12-29,0.2670514870513462,11.039999961853027
2018-01-02,0.2631434763994754,9.770000457763672
2018-01-03,0.25668500505840497,9.149999618530273
2018-01-04,0.26233746751293074,9.220000267028809
2018-01-05,0.2616763056847589,9.220000267028809
2018-01-08,0.259298766860392,9.520000457763672
2018-01-09,0.2572870226379399,10.079999923706055
2018-01-10,0.25802633040852363,9.819999694824219
2018-01-11,0.261535202072269,9.880000114440918
2018-01-12,0.2611340813037394,10.15999984741211
2018-01-16,0.2685872489703993,11.65999984741211
2018-01-17,0.2737252307494895,11.90999984741211
2018-01-18,0.28248537198132584,12.220000267028809
2018-01-19,0.2770444927696797,11.270000457763672
2018-01-22,0.2869089777685028,11.029999732971191
2018-01-23,0.27908907002758554,11.100000381469727
2018-01-24,0.2788293415006783,11.470000267028809
2018-01-25,0.29407342905401423,11.579999923706055
2018-01-26,0.2932358839484094,11.079999923706055
2018-01-29,0.30928713323072216,13.84000015258789
2018-01-30,0.33909235641527463,14.789999961853027
2018-01-31,0.3352210550198015,13.539999961853027
2018-02-01,0.3334449913503607,13.470000267028809
2018-02-02,0.4344780420794402,17.309999465942383
2018-02-05,0.5919408772168687,37.31999969482422
2018-02-06,0.5941435525782267,29.979999542236328
2018-02-07,0.5921474807616536,27.729999542236328
2018-02-08,0.6490905904126034,33.459999084472656
2018-02-09,0.6500145947377961,29.059999465942383
2018-02-12,0.6612176013779225,25.610000610351562
2018-02-13,0.661943928034644,24.969999313354492
2018-02-14,0.6716598708928455,19.260000228881836
2018-02-15,0.6702965428921464,19.1299991607666
2018-02-16,0.66855470768355,19.459999084472656
2018-02-20,0.6609629126664089,20.600000381469727
2018-02-21,0.6656729448956384,20.020000457763672
2018-02-22,0.6637364203756195,18.719999313354492
2018-02-23,0.6688346782356002,16.489999771118164
2018-02-26,0.6700086627499553,15.800000190734863
2018-02-27,0.6756051170998176,18.59000015258789
2018-02-28,0.681682317213264,19.850000381469727
2018-03-01,0.685039345224792,22.469999313354492
2018-03-02,0.68941206511468,19.59000015258789
2018-03-05,0.693058627006492,18.729999542236328
2018-03-06,0.6936499493132697,18.360000610351562
2018-03-07,0.6952328474503223,17.760000228881836
2018-03-08,0.6948065360850693,16.540000915527344
2018-03-09,0.70280315545926,14.640000343322754
2018-03-12,0.7037252223302691,15.779999732971191
2018-03-13,0.7076262043142146,16.350000381469727
2018-03-14,0.7100275488313015,17.229999542236328
2018-03-15,0.7090768375597114,16.59000015258789
2018-03-16,0.7091932192851104,15.800000190734863
2018-03-19,0.713294454164115,19.020000457763672
2018-03-20,0.7130924026299701,18.200000762939453
2018-03-21,0.7123630447992818,17.860000610351562
2018-03-22,0.7210088166618888,23.34000015258789
2018-03-23,0.7230137364773933,24.8700008392334
2018-03-26,0.7288727040544697,21.030000686645508
2018-03-27,0.7208541400317987,22.5
2018-03-28,0.7160819321400071,22.8700008392334
2018-03-29,0.7210856735593368,19.969999313354492
2018-04-02,0.731434248035347,23.6200008392334
2018-04-03,0.7354216334666507,21.100000381469727
2018-04-04,0.7348052425468596,20.059999465942383
2018-04-05,0.7376871982541056,18.940000534057617
2018-04-06,0.7445113329480988,21.489999771118164
2018-04-09,0.7453908252629733,21.770000457763672
2018-04-10,0.7499707299675435,20.469999313354492
2018-04-11,0.7486123145822094,20.239999771118164
2018-04-12,0.7491047808572484,18.489999771118164
2018-04-13,0.7463498094777048,17.40999984741211
2018-04-16,0.748453666022156,16.559999465942383
2018-04-17,0.7485323639994419,15.25
2018-04-18,0.7462740177218271,15.600000381469727
2018-04-19,0.743743475877713,15.960000038146973
2018-04-20,0.7418319300951681,16.8799991607666
2018-04-23,0.7429953794974422,16.34000015258789
2018-04-24,0.7427070015828584,18.020000457763672
2018-04-25,0.7411704852824081,17.84000015258789
2018-04-26,0.740836449981112,16.239999771118164
2018-04-27,0.7397308386567916,15.40999984741211
2018-04-30,0.7402164606328585,15.930000305175781
2018-05-01,0.7316715755838777,15.489999771118164
2018-05-02,0.6937294815529735,15.970000267028809
2018-05-03,0.6958558819953877,15.899999618530273
2018-05-04,0.701667511312528,14.770000457763672
2018-05-07,0.6682263722961687,14.75
2018-05-08,0.6704635819783533,14.710000038146973
2018-05-09,0.6655479896026407,13.420000076293945
2018-05-10,0.6690192403767818,13.229999542236328
2018-05-11,0.6722827295174968,12.649999618530273
2018-05-14,0.6731236655112396,12.930000305175781
2018-05-15,0.6743652156295743,14.630000114440918
2018-05-16,0.679219536189478,13.420000076293945
2018-05-17,0.6715128756023548,13.430000305175781
2018-05-18,0.671976131569065,13.420000076293945
2018-05-21,0.6720076463114061,13.079999923706055
2018-05-22,0.6675753217358593,13.220000267028809
2018-05-23,0.6622298724739898,12.579999923706055
2018-05-24,0.6534760131674322,12.529999732971191
2018-05-25,0.6454721821756128,13.220000267028809
2018-05-29,0.6445340683922098,17.020000457763672
2018-05-30,0.6461806017242843,14.9399995803833
2018-05-31,0.6498435435246497,15.430000305175781
2018-06-01,0.6528067353778082,13.460000038146973
2018-06-04,0.6509832602918892,12.739999771118164
2018-06-05,0.6408896253876136,12.399999618530273
2018-06-06,0.6444470485138529,11.640000343322754
2018-06-07,0.6406165261706189,12.130000114440918
2018-06-08,0.636044061015094,12.180000305175781
2018-06-11,0.6368518061070195,12.350000381469727
2018-06-12,0.6367050831097623,12.34000015258789
2018-06-13,0.6308212175356013,12.9399995803833
2018-06-14,0.6312416045415932,12.119999885559082
2018-06-15,0.6310443021200394,11.979999542236328
2018-06-18,0.6078512216850511,12.3100004196167
2018-06-19,0.5979581757003509,13.350000381469727
2018-06-20,0.5791214427760092,12.789999961853027
2018-06-21,0.5825865144514393,14.640000343322754
2018-06-22,0.5855219674350277,13.770000457763672
2018-06-25,0.5792837291079218,17.329999923706055
2018-06-26,0.5442869483898392,15.920000076293945
2018-06-27,0.5280713018144958,17.90999984741211
2018-06-28,0.5273391448597973,16.850000381469727
2018-06-29,0.519396369337675,16.09000015258789
2018-07-02,0.4840238101840641,15.600000381469727
2018-07-03,0.4843955605652523,16.139999389648438
2018-07-05,0.4604811995055197,14.970000267028809
2018-07-06,0.4616952710149074,13.369999885559082
2018-07-09,0.46075582527024794,12.6899995803833
2018-07-10,0.47057577626098634,12.640000343322754
2018-07-11,0.4781966285753313,13.630000114440918
2018-07-12,0.47837941540004064,12.579999923706055
2018-07-13,0.47699542484019875,12.180000305175781
2018-07-16,0.4745957603235034,12.829999923706055
2018-07-17,0.47188871687839756,12.0600004196167
2018-07-18,0.4723504283286828,12.100000381469727
2018-07-19,0.4684230841610984,12.869999885559082
2018-07-20,0.47099357504343137,12.859999656677246
2018-07-23,0.46392452289469316,12.619999885559082
2018-07-24,0.47199082851427565,12.40999984741211
2018-07-25,0.47342357778967603,12.289999961853027
2018-07-26,0.4762858762221896,12.140000343322754
2018-07-27,0.4724307839723231,13.029999732971191
2018-07-30,0.4706614532890695,14.260000228881836
2018-07-31,0.45193252216633956,12.829999923706055
2018-08-01,0.4412883171465779,13.149999618530273
2018-08-02,0.4396479406744044,12.1899995803833
2018-08-03,0.437403639857337,11.640000343322754
2018-08-06,0.4310627406391038,11.270000457763672
2018-08-07,0.42931106974533384,10.930000305175781
2018-08-08,0.4294001415932387,10.850000381469727
2018-08-09,0.42877743412424,11.270000457763672
2018-08-10,0.43129379354832287,13.15999984741211
2018-08-13,0.44336441518458647,14.779999732971191
2018-08-14,0.44236817375621396,13.3100004196167
2018-08-15,0.43119661363000167,14.640000343322754
2018-08-16,0.44730518900669836,13.449999809265137
2018-08-17,0.45289236848319225,12.640000343322754
2018-08-20,0.4504332607294307,12.489999771118164
2018-08-21,0.44928880377199265,12.859999656677246
2018-08-22,0.44032114175456627,12.25
2018-08-23,0.42503878301502046,12.40999984741211
2018-08-24,0.4146276796167858,11.989999771118164
2018-08-27,0.41140340053551727,12.15999984741211
2018-08-28,0.4133650994031077,12.5
2018-08-29,0.41312030566316216,12.25
2018-08-30,0.40638076531994927,13.529999732971191
2018-08-31,0.40911845800957336,12.859999656677246
2018-09-04,0.4096217788728637,13.15999984741211
2018-09-05,0.40572338873551317,13.90999984741211
2018-09-06,0.4061139050709349,14.649999618530273
2018-09-07,0.40605796491201146,14.880000114440918
2018-09-10,0.4045001513672699,14.15999984741211
2018-09-11,0.40398981288249497,13.220000267028809
2018-09-12,0.3985507221083973,13.140000343322754
2018-09-13,0.3933883829048349,12.369999885559082
2018-09-14,0.3931918994496276,12.069999694824219
2018-09-17,0.3862219287673346,13.680000305175781
2018-09-18,0.38822548690561176,12.789999961853027
2018-09-19,0.37365219795356286,11.75
2018-09-20,0.383553054489005,11.800000190734863
2018-09-21,0.38500089608570004,11.680000305175781
2018-09-24,0.3838335982239222,12.199999809265137
2018-09-25,0.3872719509559537,12.420000076293945
2018-09-26,0.39741279707466565,12.890000343322754
2018-09-27,0.39600731923625554,12.40999984741211
2018-09-28,0.3915610307223899,12.119999885559082
2018-10-01,0.3907224892628026,12.0
2018-10-02,0.3828702759515946,12.050000190734863
2018-10-03,0.37356143626022104,11.609999656677246
2018-10-04,0.35048160845773657,14.220000267028809
2018-10-05,0.3489473090434765,14.819999694824219
2018-10-08,0.35480885712793025,15.6899995803833
2018-10-09,0.36123999217191144,15.949999809265137
2018-10-10,0.4716929249956013,22.959999084472656
2018-10-11,0.5196661683217464,24.979999542236328
2018-10-12,0.5182359828835904,21.309999465942383
2018-10-15,0.5177493801286052,21.299999237060547
2018-10-16,0.5400213051601952,17.6200008392334
2018-10-17,0.5335311210894962,17.399999618530273
2018-10-18,0.5361466575794933,20.059999465942383
2018-10-19,0.5256719799398384,19.889999389648438
2018-10-22,0.5324656097344894,19.639999389648438
2018-10-23,0.5332841013031443,20.709999084472656
2018-10-24,0.5506131315109781,25.229999542236328
2018-10-25,0.563948506710694,24.219999313354492
2018-10-26,0.5670446479995526,24.15999984741211
2018-10-29,0.5534033731049418,24.700000762939453
2018-10-30,0.5581172433226405,23.350000381469727
2018-10-31,0.5549274819804041,21.229999542236328
2018-11-01,0.5536210516524889,19.34000015258789
2018-11-02,0.5440049936297844,19.510000228881836
2018-11-05,0.5457345583815809,19.959999084472656
2018-11-06,0.5446364451019697,19.90999984741211
2018-11-07,0.5499965452594928,16.360000610351562
2018-11-08,0.5469237409669082,16.719999313354492
2018-11-09,0.5420521588849864,17.360000610351562
2018-11-12,0.5580612370278686,20.450000762939453
2018-11-13,0.5524932890429854,20.020000457763672
2018-11-14,0.5550897343277309,21.25
2018-11-15,0.5554928922794803,19.979999542236328
2018-11-16,0.5529102093116495,18.139999389648438
2018-11-19,0.5496173715007715,20.100000381469727
2018-11-20,0.5699190112917838,22.479999542236328
2018-11-21,0.5686752321151454,20.799999237060547
2018-11-23,0.5694145623684564,21.520000457763672
2018-11-26,0.5750652502674753,18.899999618530273
2018-11-27,0.5766628040118482,19.020000457763672
2018-11-28,0.5935947185299115,18.489999771118164
2018-11-29,0.5939082685044534,18.790000915527344
2018-11-30,0.5935161642846284,18.06999969482422
2018-12-03,0.5914356834976737,16.440000534057617
2018-12-04,0.6187260945330859,20.739999771118164
2018-12-06,0.6177216527223324,21.190000534057617
2018-12-07,0.6263916382288734,23.229999542236328
2018-12-10,0.6233735761458558,22.639999389648438
2018-12-11,0.6226818105557299,21.760000228881836
2018-12-12,0.6227642577711633,21.459999084472656
2018-12-13,0.6227202953981095,20.649999618530273
2018-12-14,0.6274776909329551,21.6299991607666
2018-12-17,0.6277456994208419,24.520000457763672
2018-12-18,0.6235030238035387,25.579999923706055
2018-12-19,0.626378626632422,25.579999923706055
2018-12-20,0.6285321484845301,28.3799991607666
2018-12-21,0.6307090075781202,30.110000610351562
2018-12-24,0.6473632299229887,36.06999969482422
2018-12-26,0.6957387940274714,30.40999984741211
2018-12-27,0.697872851186176,29.959999084472656
2018-12-28,0.6979876170628037,28.34000015258789
2018-12-31,0.7009006267305804,25.420000076293945
2019-01-02,0.699921798629778,23.219999313354492
2019-01-03,0.6997834945348906,25.450000762939453
2019-01-04,0.7151775000753113,21.3799991607666
2019-01-07,0.7155507715562448,21.399999618530273
2019-01-08,0.7068004913463191,20.469999313354492
2019-01-09,0.696680947816897,19.979999542236328
2019-01-10,0.6982461132086184,19.5
2019-01-11,0.6996207973452961,18.190000534057617
2019-01-14,0.6953018865474945,19.06999969482422
2019-01-15,0.6953154795946521,18.600000381469727
2019-01-16,0.6843062580658151,19.040000915527344
2019-01-17,0.6916215211353095,18.059999465942383
2019-01-18,0.6949383337588799,17.799999237060547
2019-01-22,0.7024837919886786,20.799999237060547
2019-01-23,0.704242653593757,19.520000457763672
2019-01-24,0.7039391208030519,18.889999389648438
2019-01-25,0.6995232649238187,17.420000076293945
2019-01-28,0.7034525584862682,18.8700008392334
2019-01-29,0.7038260605871718,19.1299991607666
2019-01-30,0.7061419082228512,17.65999984741211
2019-01-31,0.7022741732882134,16.56999969482422
2019-02-01,0.7027179714138851,16.139999389648438
2019-02-04,0.7037772906758415,15.729999542236328
2019-02-05,0.7025672380793881,15.569999694824219
2019-02-06,0.7024044287121615,15.380000114440918
2019-02-07,0.7059003008294475,16.3700008392334
2019-02-08,0.7080820255081581,15.720000267028809
2019-02-11,0.7043615430614779,15.970000267028809
2019-02-12,0.710442375949982,15.430000305175781
2019-02-13,0.7100658531485353,15.649999618530273
2019-02-14,0.7064479398053573,16.219999313354492
2019-02-15,0.7104097419368738,14.90999984741211
2019-02-19,0.7124673415991187,14.880000114440918
2019-02-20,0.7008240665327699,14.020000457763672
2019-02-21,0.7011795452199844,14.460000038146973
2019-02-22,0.7004111385262151,13.510000228881836
2019-02-25,0.6981895035628636,14.850000381469727
2019-02-26,0.6980982577607111,15.170000076293945
2019-02-27,0.6912075368781302,14.699999809265137
2019-02-28,0.6912843022137619,14.779999732971191
2019-03-01,0.6949704087286996,13.569999694824219
2019-03-04,0.6980669964289006,14.630000114440918
2019-03-05,0.6795910824463715,14.739999771118164
2019-03-06,0.6814826386772994,15.739999771118164
2019-03-07,0.6754258460298372,16.59000015258789
2019-03-08,0.6788306753473722,16.049999237060547
2019-03-11,0.6776506131460036,14.329999923706055
2019-03-12,0.675581632237691,13.770000457763672
2019-03-13,0.6789912407745431,13.40999984741211
2019-03-14,0.674740224821671,13.5
2019-03-15,0.669363305684971,12.880000114440918
2019-03-18,0.6735631293713535,13.100000381469727
2019-03-19,0.6713863703547271,13.5600004196167
2019-03-20,0.6652424811900703,13.90999984741211
2019-03-21,0.6556064737568934,13.630000114440918
2019-03-22,0.6361272030392671,16.479999542236328
2019-03-25,0.5512558682678135,16.329999923706055
2019-03-26,0.5529560348626654,14.680000305175781
2019-03-27,0.5557070315702661,15.149999618530273
2019-03-28,0.5545803379176337,14.430000305175781
2019-03-29,0.557615970706493,13.710000038146973
2019-04-01,0.5425021256772851,13.399999618530273
2019-04-02,0.48551864008347306,13.359999656677246
2019-04-03,0.4861641430268486,13.739999771118164
2019-04-04,0.4858637148657281,13.579999923706055
2019-04-05,0.49087560963969523,12.819999694824219
2019-04-08,0.4890460697971181,13.180000305175781
2019-04-09,0.49754587856417576,14.279999732971191
2019-04-10,0.4971001283621434,13.300000190734863
2019-04-11,0.4995596314603854,13.020000457763672
2019-04-12,0.5020049990937823,12.010000228881836
2019-04-15,0.49539309465108294,12.319999694824219
2019-04-16,0.4841550119912538,12.180000305175781
2019-04-17,0.46106138159943677,12.600000381469727
2019-04-18,0.4648286438075052,12.09000015258789
2019-04-22,0.4655682979586853,12.420000076293945
2019-04-23,0.4737456000211256,12.279999732971191
2019-04-24,0.47270919384658683,13.140000343322754
2019-04-25,0.4543933918036358,13.25
2019-04-26,0.42803656794099804,12.729999542236328
2019-04-29,0.43673221323554,13.109999656677246
2019-04-30,0.4423045793625457,13.119999885559082
2019-05-01,0.4423212505725287,14.800000190734863
2019-05-02,0.4433439831509266,14.420000076293945
2019-05-03,0.44880829624733487,12.869999885559082
2019-05-06,0.43904181772561185,15.4399995803833
2019-05-07,0.4658527768925033,19.31999969482422
2019-05-08,0.4669803716481593,19.399999618530273
2019-05-09,0.45091229368562863,19.100000381469727
2019-05-10,0.4512128437315635,16.040000915527344
2019-05-13,0.4964332697522127,20.549999237060547
2019-05-14,0.4889204262389518,18.059999465942383
2019-05-15,0.48967103654732247,16.440000534057617
2019-05-16,0.4900331399609178,15.289999961853027
2019-05-17,0.4949350693969296,15.960000038146973
2019-05-20,0.49638444236635576,16.309999465942383
2019-05-21,0.49841849405327576,14.949999809265137
2019-05-22,0.4959998507783003,14.75
2019-05-23,0.5054308533932025,16.920000076293945
2019-05-24,0.5062903741223719,15.850000381469727
2019-05-28,0.5136018338325556,17.5
2019-05-29,0.5148782743550259,17.899999618530273
2019-05-30,0.5126332786476526,17.299999237060547
2019-05-31,0.5233238803061604,18.709999084472656
2019-06-03,0.5205943419109771,18.860000610351562
2019-06-04,0.5409387562451524,16.969999313354492
2019-06-05,0.5309294868359595,16.09000015258789
2019-06-06,0.5392807666399609,15.930000305175781
2019-06-07,0.5371249780744053,16.299999237060547
2019-06-10,0.5405973397584065,15.9399995803833
2019-06-11,0.5412298169180965,15.989999771118164
2019-06-12,0.5390463972723566,15.90999984741211
2019-06-13,0.5389893710083073,15.819999694824219
2019-06-14,0.5426582333005148,15.279999732971191
2019-06-17,0.5431028264434373,15.350000381469727
2019-06-18,0.530197687566523,15.149999618530273
2019-06-19,0.5312753308007394,14.329999923706055
2019-06-20,0.5334576776426043,14.75
2019-06-21,0.5300940991477854,15.399999618530273
2019-06-24,0.5293592602386407,15.260000228881836
2019-06-25,0.5341424161324847,16.280000686645508
2019-06-26,0.5234156749080958,16.209999084472656
2019-06-27,0.5226830018918429,15.819999694824219
2019-06-28,0.5220391415881227,15.079999923706055
2019-07-01,0.5226896332236626,14.0600004196167
2019-07-02,0.5208006285301023,12.930000305175781
2019-07-03,0.5281841128880538,12.569999694824219
2019-07-05,0.5234447765045009,13.279999732971191
2019-07-08,0.5238197152624083,13.960000038146973
2019-07-09,0.5237715107659254,14.09000015258789
2019-07-10,0.53623631192989,13.029999732971191
2019-07-11,0.5404599615233142,12.930000305175781
2019-07-12,0.5414036917503996,12.390000343322754
2019-07-15,0.544277027198089,12.680000305175781
2019-07-16,0.5431929441151893,12.859999656677246
2019-07-17,0.5452308283736008,13.970000267028809
2019-07-18,0.5456932529697965,13.529999732971191
2019-07-19,0.5415448566286705,14.449999809265137
2019-07-22,0.5577749561938463,13.529999732971191
2019-07-23,0.5727222608051303,12.609999656677246
2019-07-24,0.5669678029475859,12.069999694824219
2019-07-25,0.5717593167407434,12.739999771118164
2019-07-26,0.568609516212291,12.15999984741211
2019-07-29,0.5657334395389764,12.829999923706055
2019-07-30,0.5584573476434039,13.9399995803833
2019-07-31,0.5613313033704875,16.1200008392334
2019-08-01,0.5597898985540313,17.8700008392334
2019-08-02,0.5596555603486396,17.610000610351562
2019-08-05,0.6126563216149046,24.59000015258789
2019-08-06,0.6151680344947209,20.170000076293945
2019-08-07,0.5910689918598,19.489999771118164
2019-08-08,0.597460226943147,16.90999984741211
2019-08-09,0.602432233859863,17.969999313354492
2019-08-12,0.6116318337695643,21.09000015258789
2019-08-13,0.6193358072480176,17.520000457763672
2019-08-14,0.6546058544229556,22.100000381469727
2019-08-15,0.6263122207000864,21.18000030517578
2019-08-16,0.636783806049146,18.469999313354492
2019-08-19,0.637976681184742,16.8799991607666
2019-08-20,0.6433788953889032,17.5
2019-08-21,0.6403820241325597,15.800000190734863
2019-08-22,0.6386399550006353,16.68000030517578
2019-08-23,0.6607371257536717,19.8700008392334
2019-08-26,0.6584524421387459,19.31999969482422
2019-08-27,0.6624984405590978,20.309999465942383
2019-08-28,0.6575519090980098,19.350000381469727
2019-08-29,0.6652213976900658,17.8799991607666
2019-08-30,0.6640153802518982,18.979999542236328
2019-09-03,0.6638660334797187,19.65999984741211
2019-09-04,0.6695543259653665,17.329999923706055
2019-09-05,0.6683567700363733,16.270000457763672
2019-09-06,0.6685009692753968,15.0
2019-09-09,0.6639939957080154,15.270000457763672
2019-09-10,0.661619351754993,15.199999809265137
2019-09-11,0.6624061508672894,14.609999656677246
2019-09-12,0.6594994238343634,14.220000267028809
2019-09-13,0.6575036913932205,13.739999771118164
2019-09-16,0.6420287096454456,14.670000076293945
2019-09-17,0.6421470500642952,14.4399995803833
2019-09-18,0.6424934458812709,13.949999809265137
2019-09-19,0.6398948331940496,14.050000190734863
2019-09-20,0.6439051808861906,15.319999694824219
2019-09-23,0.6455080843894115,14.90999984741211
2019-09-24,0.6491460269201047,17.049999237060547
2019-09-25,0.6487260920033209,15.960000038146973
2019-09-26,0.6497385625466727,16.06999969482422
2019-09-27,0.6463417227097124,17.219999313354492
2019-09-30,0.6450086268098685,16.239999771118164
2019-10-01,0.6524030626091754,18.559999465942383
2019-10-02,0.6676933266433908,20.559999465942383
2019-10-03,0.6705683700907216,19.1200008392334
2019-10-04,0.6735084299751264,17.040000915527344
2019-10-07,0.6730841965021035,17.860000610351562
2019-10-08,0.6789059176518882,20.280000686645508
2019-10-09,0.6849389672483841,18.639999389648438
2019-10-10,0.6853869251207929,17.56999969482422
2019-10-11,0.6862312791999067,15.579999923706055
2019-10-14,0.689161336516608,14.569999694824219
2019-10-15,0.6868911380916674,13.539999961853027
2019-10-16,0.6890382442040557,13.680000305175781
2019-10-17,0.6951799281435502,13.789999961853027
2019-10-18,0.6905617950503046,14.25
2019-10-21,0.6916497434307167,14.0
2019-10-22,0.6929416832398992,14.460000038146973
2019-10-23,0.696583255428847,14.010000228881836
2019-10-24,0.6924071816016825,13.710000038146973
2019-10-25,0.6784693208457443,12.649999618530273
2019-10-28,0.6787276958082284,13.109999656677246
2019-10-29,0.6489002326634173,13.199999809265137
2019-10-30,0.639465585575732,12.329999923706055
2019-10-31,0.6424709712550742,13.220000267028809
2019-11-01,0.634553165867787,12.300000190734863
2019-11-04,0.6221699202997955,12.829999923706055
2019-11-05,0.6154242299093154,13.100000381469727
2019-11-06,0.6078010756209793,12.619999885559082
2019-11-07,0.571772451367543,12.729999542236328
2019-11-08,0.5974100589650015,12.069999694824219
2019-11-11,0.5874760626274926,12.6899995803833
2019-11-12,0.5826603306396236,12.680000305175781
2019-11-13,0.5698257832357465,13.0
2019-11-14,0.5643365719521469,13.050000190734863
2019-11-15,0.5651564686275812,12.050000190734863
2019-11-18,0.5236884141352173,12.460000038146973
2019-11-19,0.5180767938145857,12.859999656677246
2019-11-20,0.5130049078337278,12.779999732971191
2019-11-21,0.5089300652378416,13.130000114440918
2019-11-22,0.5005370132080758,12.34000015258789
2019-11-25,0.5008147699912677,11.869999885559082
2019-11-26,0.4979847847564617,11.539999961853027
2019-11-27,0.48300028702995734,11.75
2019-11-29,0.48315809739067095,12.619999885559082
2019-12-02,0.485805190120121,14.90999984741211
2019-12-03,0.49710958759620816,15.960000038146973
2019-12-04,0.5001711137672185,14.800000190734863
2019-12-05,0.49713302718862273,14.520000457763672
2019-12-06,0.5134668124539007,13.619999885559082
2019-12-09,0.5176639811860951,15.859999656677246
2019-12-10,0.5320721991949273,15.680000305175781
2019-12-11,0.5326734877427505,14.989999771118164
2019-12-12,0.5384996817228804,13.9399995803833
2019-12-13,0.5378143884478576,12.630000114440918
2019-12-16,0.5342287376922872,12.140000343322754
2019-12-17,0.533319564677923,12.289999961853027
2019-12-18,0.5311801801264572,12.579999923706055
2019-12-19,0.5291254634164051,12.5
2019-12-20,0.5274889645147898,12.510000228881836
2019-12-23,0.5311537706683427,12.609999656677246
2019-12-24,0.534468959130947,12.670000076293945
2019-12-26,0.5135108802967789,12.649999618530273
2019-12-27,0.4585732793919773,13.430000305175781
2019-12-30,0.46063712547002034,14.819999694824219
2019-12-31,0.45090398824633626,13.779999732971191
2020-01-02,0.4481019394575436,12.470000267028809
2020-01-03,0.42613779127636553,14.020000457763672
2020-01-06,0.4204903771080571,13.850000381469727
2020-01-07,0.4294607707000072,13.789999961853027
2020-01-08,0.412747514219614,13.449999809265137
2020-01-09,0.41566525392275516,12.539999961853027
2020-01-10,0.4243123135427357,12.5600004196167
2020-01-13,0.42695262836739667,12.319999694824219
2020-01-14,0.42103267094234315,12.390000343322754
2020-01-15,0.41955796869800144,12.420000076293945
2020-01-16,0.42053005998705506,12.319999694824219
2020-01-17,0.4194879225737351,12.100000381469727
2020-01-21,0.42314852929681007,12.850000381469727
2020-01-22,0.42422238193654344,12.90999984741211
2020-01-23,0.4315594921587446,12.979999542236328
2020-01-24,0.42122004904392074,14.5600004196167
2020-01-27,0.44942705596737065,18.229999542236328
2020-01-28,0.4582412606999612,16.280000686645508
2020-01-29,0.4449904239293591,16.389999389648438
2020-01-30,0.44618668032673925,15.489999771118164
2020-01-31,0.5039070294388659,18.84000015258789
2020-02-03,0.5030225928962121,17.969999313354492
2020-02-04,0.5045798051193395,16.049999237060547
2020-02-05,0.5287726476752205,15.149999618530273
2020-02-06,0.5274255234993954,14.960000038146973
2020-02-07,0.5317765515734316,15.470000267028809
2020-02-10,0.5303861472888108,15.039999961853027
2020-02-11,0.5308120261264586,15.180000305175781
2020-02-12,0.5385046405101777,13.739999771118164
2020-02-13,0.5321200582314327,14.149999618530273
2020-02-14,0.5346112003146337,13.680000305175781
2020-02-18,0.5383212719902539,14.829999923706055
2020-02-19,0.5444209616337827,14.380000114440918
2020-02-20,0.5469522941515244,15.5600004196167
2020-02-21,0.5475357926508645,17.079999923706055
2020-02-24,0.6204221023887698,25.030000686645508
2020-02-25,0.6592502618487912,27.850000381469727
2020-02-26,0.6553325549591948,27.559999465942383
2020-02-27,0.715710063425357,39.15999984741211
2020-02-28,0.7001546951674802,40.11000061035156
2020-03-02,0.7342223842288903,33.41999816894531
2020-03-03,0.745990722480881,36.81999969482422
2020-03-04,0.7590130941814502,31.989999771118164
2020-03-05,0.770387429896713,39.619998931884766
2020-03-06,0.7658840832091202,41.939998626708984
2020-03-09,0.8136936640482653,54.459999084472656
2020-03-10,0.825811693258611,47.29999923706055
2020-03-11,0.8314376128763395,53.900001525878906
2020-03-12,0.8680070416027119,75.47000122070312
2020-03-13,0.8848148332941574,57.83000183105469
2020-03-16,0.8989807854990776,82.69000244140625
2020-03-17,0.8921219943581822,75.91000366210938
2020-03-18,0.8769985207373031,76.44999694824219
2020-03-19,0.8633174776446036,72.0
2020-03-20,0.8536014218881931,66.04000091552734
2020-03-23,0.8461953458700757,61.59000015258789
2020-03-24,0.8588903487745367,61.66999816894531
2020-03-25,0.8498432424963902,63.95000076293945
2020-03-26,0.8542158658257287,61.0
2020-03-27,0.8534025043946988,65.54000091552734
2020-03-30,0.8523688424630315,57.08000183105469
2020-03-31,0.8498821750211579,53.540000915527344
2020-04-01,0.8496122641392905,57.060001373291016
2020-04-02,0.8491354388892083,50.90999984741211
2020-04-03,0.8487196362799795,46.79999923706055
2020-04-06,0.8525648951197375,45.2400016784668
2020-04-07,0.8499415763492623,46.70000076293945
2020-04-08,0.8503950611560397,43.349998474121094
2020-04-09,0.8466904973776508,41.66999816894531
2020-04-13,0.8440937393891937,41.16999816894531
2020-04-14,0.841406929750859,37.7599983215332
2020-04-15,0.8408408156082512,40.84000015258789
2020-04-16,0.8392881262977925,40.11000061035156
2020-04-17,0.8373592355425767,38.150001525878906
2020-04-20,0.8377305541922725,43.83000183105469
2020-04-21,0.8388575420175579,45.40999984741211
2020-04-22,0.8389099428732699,41.97999954223633
2020-04-23,0.8387346837405156,41.380001068115234
2020-04-24,0.8398923162059999,35.93000030517578
2020-04-27,0.8388814478662561,33.290000915527344
2020-04-28,0.8376368878132794,33.56999969482422
2020-04-29,0.8352106400853211,31.229999542236328
2020-04-30,0.8345139511400758,34.150001525878906
2020-05-01,0.8343808862729775,37.189998626708984
2020-05-04,0.8335956149857042,35.970001220703125
2020-05-05,0.8335142177738032,33.61000061035156
2020-05-06,0.8335158941679947,34.119998931884766
2020-05-07,0.8332884062104398,31.440000534057617
2020-05-08,0.8337815867243965,27.979999542236328
2020-05-11,0.8340144960486271,27.56999969482422
2020-05-12,0.8341368355509882,33.040000915527344
2020-05-13,0.8342094901275081,35.279998779296875
2020-05-14,0.8335014566365814,32.61000061035156
2020-05-15,0.8330971795333999,31.889999389648438
2020-05-18,0.8332289900491221,29.299999237060547
2020-05-19,0.8324284750596513,30.530000686645508
2020-05-20,0.8318927701515648,27.989999771118164
2020-05-21,0.8320070271124578,29.530000686645508
2020-05-22,0.8306320277019188,28.15999984741211
2020-05-26,0.8298048619781001,28.010000228881836
2020-05-27,0.8280479442231998,27.6200008392334
2020-05-28,0.8267730294653491,28.59000015258789
2020-05-29,0.8256477456821216,27.510000228881836
2020-06-01,0.823763992913016,28.229999542236328
2020-06-02,0.824491219742535,26.84000015258789
2020-06-03,0.8163151378812603,25.65999984741211
2020-06-04,0.8131633003111418,25.809999465942383
2020-06-05,0.809833381439877,24.520000457763672
2020-06-08,0.786726773442552,25.809999465942383
2020-06-09,0.7686532995841899,27.56999969482422
2020-06-10,0.7280738112063185,27.56999969482422
2020-06-11,0.7407959225085425,40.790000915527344
2020-06-12,0.7454988979964269,36.09000015258789
2020-06-15,0.7557541147657338,34.400001525878906
2020-06-16,0.7593214353486449,33.66999816894531
2020-06-17,0.76555664037695,33.470001220703125
2020-06-18,0.7306991354410292,32.939998626708984
2020-06-19,0.7422263009780357,35.119998931884766
2020-06-22,0.7270175251470369,31.770000457763672
2020-06-23,0.7228946199167132,31.3700008392334
2020-06-24,0.7303389938770992,33.84000015258789
2020-06-25,0.7335781867603103,32.220001220703125
2020-06-26,0.7286259342183853,34.72999954223633
2020-06-29,0.7263018278330573,31.780000686645508
2020-06-30,0.7262437808838358,30.43000030517578
2020-07-01,0.7005167804672843,28.6200008392334
2020-07-02,0.7058238523827116,27.68000030517578
2020-07-06,0.7012413948807577,27.940000534057617
2020-07-07,0.7083488303647646,29.43000030517578
2020-07-08,0.7144732160953214,28.079999923706055
2020-07-09,0.7225867141380304,29.260000228881836
2020-07-10,0.7215719834352623,27.290000915527344
2020-07-13,0.7257799205729127,32.189998626708984
2020-07-14,0.7266418996292672,29.520000457763672
2020-07-15,0.7206820263253155,27.760000228881836
2020-07-16,0.7144902240207991,28.0
2020-07-17,0.7137911406278615,25.68000030517578
2020-07-20,0.7144468584219431,24.459999084472656
2020-07-21,0.7137485329959723,24.84000015258789
2020-07-22,0.7152191364077956,24.31999969482422
2020-07-23,0.7156766932786297,26.079999923706055
2020-07-24,0.7138595217106308,25.84000015258789
2020-07-27,0.7138654963751649,24.739999771118164
2020-07-28,0.705198229720166,25.440000534057617
2020-07-29,0.7070007943170159,24.100000381469727
2020-07-30,0.7059355287960222,24.760000228881836
2020-07-31,0.6976271952098917,24.459999084472656
2020-08-03,0.6968373464620826,24.280000686645508
2020-08-04,0.6926147605958861,23.760000228881836
2020-08-05,0.6919828098146514,22.989999771118164
2020-08-06,0.6878371869086835,22.649999618530273
2020-08-07,0.6818792632506325,22.209999084472656
2020-08-10,0.6826166383521206,22.1299991607666
2020-08-11,0.6845685662372931,24.030000686645508
2020-08-12,0.6713469998501821,22.280000686645508
2020-08-13,0.6619227535639046,22.1299991607666
2020-08-14,0.6588425249758653,22.049999237060547
2020-08-17,0.6576045516855819,21.350000381469727
2020-08-18,0.6578701278951545,21.510000228881836
2020-08-19,0.6633419063771372,22.540000915527344
2020-08-20,0.6604300403108795,22.719999313354492
2020-08-21,0.6634476629744066,22.540000915527344
2020-08-24,0.6681146222741559,22.3700008392334
2020-08-25,0.6690944985150487,22.030000686645508
2020-08-26,0.6672726607670241,23.270000457763672
2020-08-27,0.6668426179535939,24.469999313354492
2020-08-28,0.6733977229226713,22.959999084472656
2020-08-31,0.663291752252512,26.40999984741211
2020-09-01,0.6635975646471581,26.1200008392334
2020-09-02,0.6627287942172515,26.56999969482422
2020-09-03,0.6713958432157179,33.599998474121094
2020-09-04,0.5832649265793146,30.75
2020-09-08,0.6050437945089191,31.459999084472656
2020-09-09,0.6063146748369354,28.809999465942383
2020-09-10,0.6060539877725586,29.709999084472656
2020-09-11,0.6050329003246167,26.8700008392334
2020-09-14,0.6063269344507447,25.850000381469727
2020-09-15,0.6031557360136538,25.59000015258789
2020-09-16,0.5977841916144125,26.040000915527344
2020-09-17,0.5942416645028852,26.459999084472656
2020-09-18,0.5762209702319497,25.829999923706055
2020-09-21,0.5752537741352692,27.780000686645508
2020-09-22,0.5569949956321187,26.860000610351562
2020-09-23,0.5697906303819817,28.579999923706055
2020-09-24,0.567856397850804,28.510000228881836
2020-09-25,0.5656527195802371,26.3799991607666
2020-09-28,0.5706080218938976,26.190000534057617
2020-09-29,0.5710737814648257,26.270000457763672
2020-09-30,0.5763544464070246,26.3700008392334
2020-10-01,0.5734817172141825,26.700000762939453
2020-10-02,0.5676277022644352,27.6299991607666
2020-10-05,0.5612291185968037,27.959999084472656
2020-10-06,0.56646734820653,29.479999542236328
2020-10-07,0.5731629414190593,28.059999465942383
2020-10-08,0.5788968202766717,26.360000610351562
2020-10-09,0.5786794654193985,25.0
2020-10-12,0.5839872445742712,25.06999969482422
2020-10-13,0.5881220083268699,26.06999969482422
2020-10-14,0.5849782201966846,26.399999618530273
2020-10-15,0.5865900592946091,26.969999313354492
2020-10-16,0.5822860244586813,27.40999984741211
2020-10-19,0.5977744996349763,29.18000030517578
2020-10-20,0.6009529021967819,29.350000381469727
2020-10-21,0.6046838005084496,28.649999618530273
2020-10-22,0.6085016659229098,28.110000610351562
2020-10-23,0.5994471734167256,27.549999237060547
2020-10-26,0.6171709971475983,32.459999084472656
2020-10-27,0.6192396110764384,33.349998474121094
2020-10-28,0.6370690830806488,40.279998779296875
2020-10-29,0.6367936164366631,37.59000015258789
2020-10-30,0.6345421175366618,38.02000045776367
2020-11-02,0.6413263073689665,37.130001068115234
2020-11-03,0.643523121842422,35.54999923706055
2020-11-04,0.6343284291041779,29.56999969482422
2020-11-05,0.6375409262039818,27.579999923706055
2020-11-06,0.6474961292306949,24.860000610351562
2020-11-09,0.6339289577532116,25.75
2020-11-10,0.6337000223570717,24.799999237060547
2020-11-11,0.6303373960792087,23.450000762939453
2020-11-12,0.6326584595168743,25.350000381469727
2020-11-13,0.635330607258567,23.100000381469727
2020-11-16,0.6373953830865714,22.450000762939453
2020-11-17,0.6338858485274284,22.709999084472656
2020-11-18,0.6356747953223532,23.84000015258789
2020-11-19,0.6367002071279549,23.110000610351562
2020-11-20,0.6378902794347339,23.700000762939453
2020-11-23,0.6370819866566011,22.65999984741211
2020-11-24,0.6406725734127827,21.639999389648438
2020-11-25,0.645302433461362,21.25
2020-11-27,0.6465810701261905,20.84000015258789
2020-11-30,0.6385875797374465,20.56999969482422
2020-12-01,0.6396633564973973,20.770000457763672
2020-12-02,0.6186902134638086,21.170000076293945
2020-12-03,0.6163454656847543,21.280000686645508
2020-12-04,0.6073175288819038,20.790000915527344
2020-12-07,0.6091534552441117,21.299999237060547
2020-12-08,0.6082143097356009,20.68000030517578
2020-12-09,0.6084904305916095,22.270000457763672
2020-12-10,0.6121969675810732,22.520000457763672
2020-12-11,0.6146004103116345,23.309999465942383
2020-12-14,0.6129244832447182,24.719999313354492
2020-12-15,0.6142178327784641,22.889999389648438
2020-12-16,0.6155466622292093,22.5
2020-12-17,0.5986405699921364,21.93000030517578
2020-12-18,0.6009210397864975,21.56999969482422
2020-12-21,0.5947223850054656,25.15999984741211
2020-12-22,0.5935101900901186,24.229999542236328
2020-12-23,0.5881328542742486,23.309999465942383
2020-12-24,0.5855825996150241,21.530000686645508
2020-12-28,0.588167231170752,21.700000762939453
2020-12-29,0.5899536187304262,23.079999923706055
2020-12-30,0.5865768782684853,22.770000457763672
2020-12-31,0.5816119029837566,22.75
2021-01-04,0.5774880892112141,26.969999313354492
2021-01-05,0.5742159170561673,25.34000015258789
2021-01-06,0.5683416786070584,25.06999969482422
2021-01-07,0.564146571139485,22.3700008392334
2021-01-08,0.5618422348788034,21.559999465942383
2021-01-11,0.5630092010925154,24.079999923706055
2021-01-12,0.5645355801926903,23.329999923706055
2021-01-13,0.5674935775315608,22.209999084472656
2021-01-14,0.558754553523427,23.25
2021-01-15,0.5664209511001422,24.34000015258789
2021-01-19,0.5638094421025934,23.239999771118164
2021-01-20,0.5630240376563518,21.579999923706055
2021-01-21,0.561886261794091,21.31999969482422
2021-01-22,0.5481279608653519,21.90999984741211
2021-01-25,0.5455342235294569,23.190000534057617
2021-01-26,0.5079985200905044,23.020000457763672
2021-01-27,0.5139738674742313,37.209999084472656
2021-01-28,0.5122015040376804,30.209999084472656
2021-01-29,0.5286973755019532,33.09000015258789
2021-02-01,0.5270709793614136,30.239999771118164
2021-02-02,0.536749500326641,25.559999465942383
2021-02-03,0.5324089073826413,22.90999984741211
2021-02-04,0.5365170199181905,21.770000457763672
2021-02-05,0.5354996260835926,20.8700008392334
2021-02-08,0.5389346349950042,21.239999771118164
2021-02-09,0.5446764227041903,21.6299991607666
2021-02-10,0.5380838934492798,21.989999771118164
2021-02-11,0.5301389079005953,21.25
2021-02-12,0.5196594381953503,19.969999313354492
2021-02-16,0.5194790828728134,21.459999084472656
2021-02-17,0.5109747083061016,21.5
2021-02-18,0.5077284517790636,22.489999771118164
2021-02-19,0.49853587204161,22.049999237060547
2021-02-22,0.4881139606885802,23.450000762939453
2021-02-23,0.4687495016776544,23.110000610351562
2021-02-24,0.47341051374954884,21.34000015258789
2021-02-25,0.4871904416557487,28.889999389648438
2021-02-26,0.4973461853980184,27.950000762939453
2021-03-01,0.5150618256626455,23.350000381469727
2021-03-02,0.5176058898554208,24.100000381469727
2021-03-03,0.5162845201813439,26.670000076293945
2021-03-04,0.5109763014257922,28.56999969482422
2021-03-05,0.5202449419518476,24.65999984741211
2021-03-08,0.5179869188149799,25.469999313354492
2021-03-09,0.5151689764517662,24.030000686645508
2021-03-10,0.5169377120985325,22.559999465942383
2021-03-11,0.5136389384036524,21.90999984741211
2021-03-12,0.5078460312340187,20.690000534057617
2021-03-15,0.49995690389532366,20.030000686645508
2021-03-16,0.4997325351945336,19.790000915527344
2021-03-17,0.49952453359686755,19.229999542236328
2021-03-18,0.5017976869607722,21.579999923706055
2021-03-19,0.5093435062803947,20.950000762939453
2021-03-22,0.49983069457299,18.8799991607666
2021-03-23,0.49923594931931453,20.299999237060547
2021-03-24,0.4980317153987007,21.200000762939453
2021-03-25,0.49942758660610514,19.809999465942383
2021-03-26,0.5062082080294136,18.860000610351562
2021-03-29,0.5033950183279968,20.739999771118164
2021-03-30,0.5026374991177446,19.610000610351562
2021-03-31,0.49779729981317766,19.399999618530273
2021-04-01,0.49713488167668507,17.329999923706055
2021-04-05,0.500717460519048,17.90999984741211
2021-04-06,0.5025825601570252,18.1200008392334
2021-04-07,0.5039451345984067,17.15999984741211
2021-04-08,0.5054136089812771,16.950000762939453
2021-04-09,0.5038505296725425,16.690000534057617
2021-04-12,0.5066982851488503,16.90999984741211
2021-04-13,0.510600131612629,16.649999618530273
2021-04-14,0.49065309283531827,16.989999771118164
2021-04-15,0.4909423251567027,16.56999969482422
2021-04-16,0.4919823904312506,16.25
2021-04-19,0.4961303752806506,17.290000915527344
2021-04-20,0.504075538579295,18.68000030517578
2021-04-21,0.5101560624729702,17.5
2021-04-22,0.5207015932296735,18.709999084472656
2021-04-23,0.5156046050821854,17.329999923706055
2021-04-26,0.5169934162422696,17.639999389648438
2021-04-27,0.4857522439449644,17.559999465942383
2021-04-28,0.48068017884323366,17.280000686645508
2021-04-29,0.4751361626822863,17.610000610351562
2021-04-30,0.48240079594801344,18.610000610351562
2021-05-03,0.4779350027708091,18.309999465942383
2021-05-04,0.4786292233296027,19.479999542236328
2021-05-05,0.46974106718344694,19.149999618530273
2021-05-06,0.47249113516300173,18.389999389648438
2021-05-07,0.4744470712240756,16.690000534057617
2021-05-10,0.4740290770086947,19.65999984741211
2021-05-11,0.4859506911394072,21.84000015258789
2021-05-12,0.4956754034419686,27.59000015258789
2021-05-13,0.499906599888398,23.1299991607666
2021-05-14,0.5105351042400466,18.809999465942383
2021-05-17,0.5176849407583148,19.719999313354492
2021-05-18,0.5312513138371615,21.34000015258789
2021-05-19,0.533421343798888,22.18000030517578
2021-05-20,0.5296765626028587,20.670000076293945
2021-05-21,0.5144656100182112,20.149999618530273
2021-05-24,0.4993822809088703,18.399999618530273
2021-05-25,0.4742413782466241,18.84000015258789
2021-05-26,0.47130920079973554,17.360000610351562
2021-05-27,0.4718674035639528,16.739999771118164
2021-05-28,0.4763976523252141,16.760000228881836
2021-06-01,0.4541801012362693,17.899999618530273
2021-06-02,0.45662680371607633,17.479999542236328
2021-06-03,0.4633522589851653,18.040000915527344
2021-06-04,0.45839287035237064,16.420000076293945
2021-06-07,0.4646710362498225,16.420000076293945
2021-06-08,0.4663737030642662,17.06999969482422
2021-06-09,0.4762003817449779,17.889999389648438
2021-06-10,0.4710863822331575,16.100000381469727
2021-06-11,0.47183814335358987,15.649999618530273
2021-06-14,0.4705556528148615,16.389999389648438
2021-06-15,0.46814462337184015,17.020000457763672
2021-06-16,0.48111249804013073,18.149999618530273
2021-06-17,0.4835543857816872,17.75
2021-06-18,0.5169288371535845,20.700000762939453
2021-06-21,0.5374156991547546,17.889999389648438
2021-06-22,0.5244690445681183,16.65999984741211
2021-06-23,0.5296421569879662,16.31999969482422
2021-06-24,0.5389238009851154,15.970000267028809
2021-06-25,0.5386765806891549,15.619999885559082
2021-06-28,0.5334389179188228,15.760000228881836
2021-06-29,0.5359112838479154,16.020000457763672
2021-06-30,0.5401020460959429,15.829999923706055
2021-07-01,0.5388204535798334,15.479999542236328
2021-07-02,0.5395446725502435,15.069999694824219
2021-07-06,0.5456120739388555,16.440000534057617
2021-07-07,0.5430477764639507,16.200000762939453
2021-07-08,0.544957630522765,19.0
2021-07-09,0.5596812062648207,16.18000030517578
2021-07-12,0.5613599560400443,16.170000076293945
2021-07-13,0.5595727083525914,17.1200008392334
2021-07-14,0.5482416915605618,16.329999923706055
2021-07-15,0.5429415002442962,17.010000228881836
2021-07-16,0.5432409853336878,18.450000762939453
2021-07-19,0.5548194211348936,22.5
2021-07-20,0.5667317737346703,19.729999542236328
2021-07-21,0.5732784261738966,17.90999984741211
2021-07-22,0.576034457910861,17.690000534057617
2021-07-23,0.577048272993918,17.200000762939453
2021-07-26,0.5781527518616021,17.579999923706055
2021-07-27,0.575771150605975,19.360000610351562
2021-07-28,0.5691708069594015,18.309999465942383
2021-07-29,0.5743906755280834,17.700000762939453
2021-07-30,0.5780802870362172,18.239999771118164
2021-08-02,0.5735781211241109,19.459999084472656
2021-08-03,0.579644617201718,18.040000915527344
2021-08-04,0.5924624449766236,17.969999313354492
2021-08-05,0.5858188357759258,17.280000686645508
2021-08-06,0.5770693839387716,16.149999618530273
2021-08-09,0.5738442620586021,16.719999313354492
2021-08-10,0.5649743631617494,16.790000915527344
2021-08-11,0.569982033070571,16.170000076293945
2021-08-12,0.5659958186944394,15.59000015258789
2021-08-13,0.5642717429889894,15.449999809265137
2021-08-16,0.5611047802656337,16.1200008392334
2021-08-17,0.5676601836386553,17.90999984741211
2021-08-18,0.5769171520685709,21.56999969482422
2021-08-19,0.5659217846808008,21.670000076293945
2021-08-20,0.5668113515178809,18.559999465942383
2021-08-23,0.575518364650317,17.149999618530273
2021-08-24,0.5721432676776297,17.219999313354492
2021-08-25,0.5774458539403798,16.790000915527344
2021-08-26,0.5832509003794073,18.84000015258789
2021-08-27,0.5860791316983842,16.389999389648438
2021-08-30,0.5795565291136764,16.190000534057617
2021-08-31,0.5778403784021603,16.479999542236328
2021-09-01,0.5770425891984039,16.110000610351562
2021-09-02,0.5771970662562617,16.40999984741211
2021-09-03,0.5841008106750489,16.40999984741211
2021-09-07,0.5832511376031639,18.139999389648438
2021-09-08,0.582076849687808,17.959999084472656
2021-09-09,0.5857863119763976,18.799999237060547
2021-09-10,0.5839856734785052,20.950000762939453
2021-09-13,0.5944001952969888,19.3700008392334
2021-09-14,0.5734184739188918,19.459999084472656
2021-09-15,0.5539013812740285,18.18000030517578
2021-09-16,0.555865522689464,18.690000534057617
2021-09-17,0.5606431430437906,20.809999465942383
2021-09-20,0.5765628657836744,25.709999084472656
2021-09-21,0.5745217679113441,24.360000610351562
2021-09-22,0.5881895050078251,20.8700008392334
2021-09-23,0.5948509278252908,18.6299991607666
2021-09-24,0.5922743777515297,17.75
2021-09-27,0.5860104581361724,18.760000228881836
2021-09-28,0.5881540260322278,23.25
2021-09-29,0.5834625300351257,22.559999465942383
2021-09-30,0.5989153509868127,23.139999389648438
2021-10-01,0.6021980066745748,21.100000381469727
2021-10-04,0.5957769494379421,22.959999084472656
2021-10-05,0.5991222996625951,21.299999237060547
2021-10-06,0.6019074871255743,21.0
2021-10-07,0.6145741243396294,19.540000915527344
2021-10-08,0.6125825810962027,18.770000457763672
2021-10-11,0.6093925316315517,20.0
2021-10-12,0.5962252974243398,19.850000381469727
2021-10-13,0.5882662769281779,18.639999389648438
2021-10-14,0.5892459067309368,16.860000610351562
2021-10-15,0.5895331199202076,16.299999237060547
2021-10-18,0.5966814010257327,16.309999465942383
2021-10-19,0.5961219550439226,15.699999809265137
2021-10-20,0.5975282570898415,15.489999771118164
2021-10-21,0.6009072869504305,15.010000228881836
2021-10-22,0.5785274437402778,15.430000305175781
2021-10-25,0.580424285615667,15.239999771118164
2021-10-26,0.5776748548046124,15.979999542236328
2021-10-27,0.5655850152826719,16.979999542236328
2021-10-28,0.5599834933347643,16.530000686645508
2021-10-29,0.554540483593125,16.260000228881836
2021-11-01,0.5547733487875555,16.40999984741211
2021-11-02,0.552736218897133,16.030000686645508
2021-11-03,0.5479138721189302,15.100000381469727
2021-11-04,0.5439925123929814,15.4399995803833
2021-11-05,0.54261501265511,16.479999542236328
2021-11-08,0.5391403025419168,17.219999313354492
2021-11-09,0.5402339451223633,17.780000686645508
2021-11-10,0.5345144862226071,18.729999542236328
2021-11-11,0.5203484772673816,17.65999984741211
2021-11-12,0.5303994742038239,16.290000915527344
2021-11-15,0.5273498255814587,16.489999771118164
2021-11-16,0.5260391007343956,16.3700008392334
2021-11-17,0.5298399474612807,17.110000610351562
2021-11-18,0.5245182973607305,17.59000015258789
2021-11-19,0.5219671864465377,17.90999984741211
2021-11-22,0.5233134844262061,19.170000076293945
2021-11-23,0.5328901909423281,19.3799991607666
2021-11-24,0.5333149748928072,18.579999923706055
2021-11-26,0.5795672356826659,28.6200008392334
2021-11-29,0.5755451951411248,22.959999084472656
2021-11-30,0.5883419952822153,27.190000534057617
2021-12-01,0.5888981823847306,31.1200008392334
2021-12-02,0.5985069858504006,27.950000762939453
2021-12-03,0.5910938094779988,30.670000076293945
2021-12-06,0.6030804498087096,27.18000030517578
2021-12-07,0.6035147447225216,21.889999389648438
2021-12-08,0.5999851892725744,19.899999618530273
2021-12-09,0.5975594327405742,21.579999923706055
2021-12-10,0.5955159538488433,18.690000534057617
2021-12-13,0.5890439793355968,20.309999465942383
2021-12-14,0.5723380536467625,21.889999389648438
2021-12-15,0.5722179533192626,19.290000915527344
2021-12-16,0.5615814248770377,20.56999969482422
2021-12-17,0.5714880919755914,21.56999969482422
2021-12-20,0.5744747245800592,22.8700008392334
2021-12-21,0.5878139953093381,21.010000228881836
2021-12-22,0.5897868250690717,18.6299991607666
2021-12-23,0.5917690539044166,17.959999084472656
2021-12-27,0.5850274253476477,17.68000030517578
2021-12-28,0.5827015603051158,17.540000915527344
2021-12-29,0.5839301894480402,16.950000762939453
2021-12-30,0.5845121011809652,17.329999923706055
