Date,0
2006-01-04,
2006-01-05,
2006-01-06,
2006-01-09,
2006-01-10,
2006-01-11,
2006-01-12,
2006-01-13,
2006-01-17,
2006-01-18,
2006-01-19,
2006-01-20,
2006-01-23,
2006-01-24,
2006-01-25,
2006-01-26,
2006-01-27,
2006-01-30,
2006-01-31,
2006-02-01,
2006-02-02,
2006-02-03,
2006-02-06,
2006-02-07,
2006-02-08,
2006-02-09,
2006-02-10,
2006-02-13,
2006-02-14,
2006-02-15,
2006-02-16,
2006-02-17,
2006-02-21,
2006-02-22,
2006-02-23,
2006-02-24,
2006-02-27,
2006-02-28,
2006-03-01,
2006-03-02,
2006-03-03,
2006-03-06,
2006-03-07,
2006-03-08,
2006-03-09,
2006-03-10,
2006-03-13,
2006-03-14,
2006-03-15,
2006-03-16,
2006-03-17,
2006-03-20,
2006-03-21,
2006-03-22,
2006-03-23,
2006-03-24,
2006-03-27,
2006-03-28,
2006-03-29,
2006-03-30,0.42966877488310296
2006-03-31,0.43687177263114607
2006-04-03,0.43828946609558656
2006-04-04,0.4358121846209159
2006-04-05,0.4363165973921853
2006-04-06,0.4294039608631219
2006-04-07,0.4425501070286192
2006-04-10,0.4385884806818727
2006-04-11,0.44140983759182084
2006-04-12,0.445758289194542
2006-04-13,0.4519094711953159
2006-04-17,0.45707385081192803
2006-04-18,0.4546491875806823
2006-04-19,0.4551555263579473
2006-04-20,0.45594994480767187
2006-04-21,0.4530833119040497
2006-04-24,0.4553981724618582
2006-04-25,0.45156635957131847
2006-04-26,0.45798729683341544
2006-04-27,0.44559804625090116
2006-04-28,0.42393264095075345
2006-05-01,0.4150051554379872
2006-05-02,0.40999918453472733
2006-05-03,0.41354139399074674
2006-05-04,0.40589904861366966
2006-05-05,0.41251720863942687
2006-05-08,0.4116591832741867
2006-05-09,0.4098333768446669
2006-05-10,0.40224560966879724
2006-05-11,0.4231562054765373
2006-05-12,0.43941996599059446
2006-05-15,0.42894895918643716
2006-05-16,0.42961507022531087
2006-05-17,0.4625730230435844
2006-05-18,0.47098170148179924
2006-05-19,0.4686688942534863
2006-05-22,0.4651272668814336
2006-05-23,0.465949320137646
2006-05-24,0.4527835854599195
2006-05-25,0.45771541423293527
2006-05-26,0.4600428404484574
2006-05-30,0.49307655167612785
2006-05-31,0.4912774967200087
2006-06-01,0.4967987649853776
2006-06-02,0.4965393914569026
2006-06-05,0.5278395989729413
2006-06-06,0.5237329575910248
2006-06-07,0.523985700994775
2006-06-08,0.5240750940421409
2006-06-09,0.526670362306628
2006-06-12,0.5372900801783584
2006-06-13,0.5370543710337182
2006-06-14,0.5345526583868159
2006-06-15,0.5558151930603151
2006-06-16,0.5539263047319252
2006-06-19,0.5574951249040258
2006-06-20,0.5568368426136463
2006-06-21,0.5653162090288938
2006-06-22,0.5606481378331383
2006-06-23,0.5582278307791271
2006-06-26,0.5642052330123759
2006-06-27,0.5643178832801534
2006-06-28,0.5652967045609326
2006-06-29,0.5911977720608322
2006-06-30,0.5960404428353154
2006-07-03,0.6073094797409866
2006-07-05,0.6017029041117424
2006-07-06,0.6013322754380329
2006-07-07,0.5956635501906693
2006-07-10,0.597073187780771
2006-07-11,0.5976317280876045
2006-07-12,0.6067906712272719
2006-07-13,0.5955849973396862
2006-07-14,0.5911176216795717
2006-07-17,0.586614550198312
2006-07-18,0.5911042628910764
2006-07-19,0.6001160614104599
2006-07-20,0.5904612171562305
2006-07-21,0.5877697127677749
2006-07-24,0.603207996296504
2006-07-25,0.6139706996526133
2006-07-26,0.6131978643229951
2006-07-27,0.6112872430603394
2006-07-28,0.616873538527346
2006-07-31,0.6165545280100063
2006-08-01,0.6133169160997812
2006-08-02,0.6135555441787275
2006-08-03,0.6117435100874504
2006-08-04,0.6127207742345233
2006-08-07,0.6052948922972871
2006-08-08,0.6018060998057558
2006-08-09,0.5864780735490468
2006-08-10,0.5860088467267331
2006-08-11,0.57542589798141
2006-08-14,0.5695385347985467
2006-08-15,0.5727631704992305
2006-08-16,0.5713489648656467
2006-08-17,0.5714273295635663
2006-08-18,0.5735295753825671
2006-08-21,0.5686706434859722
2006-08-22,0.5693384702189153
2006-08-23,0.5528495970643765
2006-08-24,0.552911595554407
2006-08-25,0.5498166643136443
2006-08-28,0.5490791102373026
2006-08-29,0.5223058214828202
2006-08-30,0.5232260968585682
2006-08-31,0.5204932302419334
2006-09-01,0.5228491388065517
2006-09-05,0.5182976274301462
2006-09-06,0.5125392150241901
2006-09-07,0.5099367749617618
2006-09-08,0.5114278248999928
2006-09-11,0.4835302849924513
2006-09-12,0.4814925258440817
2006-09-13,0.4750889100990494
2006-09-14,0.4759159706565098
2006-09-15,0.4677574030273699
2006-09-18,0.4662850698304239
2006-09-19,0.46560881311398433
2006-09-20,0.4598063691908479
2006-09-21,0.4539883184835641
2006-09-22,0.45328546226594624
2006-09-25,0.41771520840595944
2006-09-26,0.4218894684657303
2006-09-27,0.4147509789953167
2006-09-28,0.4109524901529902
2006-09-29,0.4122940442778429
2006-10-02,0.4090296839909932
2006-10-03,0.40217365851916914
2006-10-04,0.4138137588745402
2006-10-05,0.3880063000066173
2006-10-06,0.37793577797251005
2006-10-09,0.3802709215213698
2006-10-10,0.38316570642662506
2006-10-11,0.38697187281414097
2006-10-12,0.3565993695521462
2006-10-13,0.36328275354923323
2006-10-16,0.36253212296619997
2006-10-17,0.32388898962069657
2006-10-18,0.33184465857059386
2006-10-19,0.32796359529373537
2006-10-20,0.2910533023147728
2006-10-23,0.2840876608217428
2006-10-24,0.2848909661803737
2006-10-25,0.27789149252603756
2006-10-26,0.27588748472232644
2006-10-27,0.29581734189174347
2006-10-30,0.29750717858859455
2006-10-31,0.29726726424179656
2006-11-01,0.30099278619692993
2006-11-02,0.3220388311391245
2006-11-03,0.3213046155980375
2006-11-06,0.33223541333203865
2006-11-07,0.3333583817174125
2006-11-08,0.320229027238934
2006-11-09,0.3101151085640145
2006-11-10,0.3093733193862619
2006-11-13,0.31011885663896993
2006-11-14,0.3166588891845161
2006-11-15,0.3152579360491757
2006-11-16,0.3016134176854524
2006-11-17,0.3015907178788531
2006-11-20,0.30137549718978124
2006-11-21,0.2982916569412284
2006-11-22,0.3004652309651194
2006-11-24,0.30342901099070324
2006-11-27,0.3481952380652186
2006-11-28,0.3444423559208278
2006-11-29,0.35739777232424197
2006-11-30,0.3459718542742212
2006-12-01,0.34657366499817976
2006-12-04,0.35369662128175455
2006-12-05,0.35791382717099685
2006-12-06,0.3570648497682231
2006-12-07,0.36125368153183857
2006-12-08,0.35884311646161
2006-12-11,0.35870154315714864
2006-12-12,0.3604317787767167
2006-12-13,0.3596369880593717
2006-12-14,0.3691789421835906
2006-12-15,0.3620819714822806
2006-12-18,0.3571620143166955
2006-12-19,0.3464799020734099
2006-12-20,0.32815327673974715
2006-12-21,0.33473616207996304
2006-12-22,0.34828794573371763
2006-12-26,0.3480794226819194
2006-12-27,0.3479210890240553
2006-12-28,0.3633363559312333
2006-12-29,0.3445231932733261
2007-01-03,0.33279082294224754
2007-01-04,0.3226012222311677
2007-01-05,0.3255598865292577
2007-01-08,0.32660662048493316
2007-01-09,0.3166201584317601
2007-01-10,0.3043510239177995
2007-01-11,0.2985117043694691
2007-01-12,0.30300130810893644
2007-01-16,0.2979376839137332
2007-01-17,0.29478598011480783
2007-01-18,0.30825534886199357
2007-01-19,0.3416495909632672
2007-01-22,0.3357311131918251
2007-01-23,0.3368473663632142
2007-01-24,0.3474457469766581
2007-01-25,0.3799775344097734
2007-01-26,0.3650510294535978
2007-01-29,0.3657242902513903
2007-01-30,0.3534008855983525
2007-01-31,0.35271514794867065
2007-02-01,0.3539738362176309
2007-02-02,0.35497818578556306
2007-02-05,0.3428323745759093
2007-02-06,0.3462467105294777
2007-02-07,0.3434389619287942
2007-02-08,0.35077431866330466
2007-02-09,0.3574753069410431
2007-02-12,0.36048496828109133
2007-02-13,0.3607012739212213
2007-02-14,0.3671813608314596
2007-02-15,0.37252747116078566
2007-02-16,0.37367727171119114
2007-02-20,0.3710141955962779
2007-02-21,0.37468236739148286
2007-02-22,0.37496883688275506
2007-02-23,0.37597970479649573
2007-02-26,0.33418980458738384
2007-02-27,0.5194695257602542
2007-02-28,0.50988242736362
2007-03-01,0.5111875234863414
2007-03-02,0.5233270506361637
2007-03-05,0.5194414012236301
2007-03-06,0.5409983942676384
2007-03-07,0.5397416936677575
2007-03-08,0.5414389929832806
2007-03-09,0.54342263831872
2007-03-12,0.5471724170794924
2007-03-13,0.5688099112302301
2007-03-14,0.5748628255359658
2007-03-15,0.5711748714138902
2007-03-16,0.5752453325949614
2007-03-19,0.588495763893885
2007-03-20,0.590869481822758
2007-03-21,0.6105343375199879
2007-03-22,0.6057606599735799
2007-03-23,0.6019347915526576
2007-03-26,0.6014417695426245
2007-03-27,0.6003329580761986
2007-03-28,0.6038633149153314
2007-03-29,0.6055933093573612
2007-03-30,0.6190420412634455
2007-04-02,0.6239211300921058
2007-04-03,0.6267022984783612
2007-04-04,0.6268086350876285
2007-04-05,0.6338544482335546
2007-04-09,0.6402456504558351
2007-04-10,0.6472095867311827
2007-04-11,0.6530798737089014
2007-04-12,0.6593254017858705
2007-04-13,0.6676969982323389
2007-04-16,0.6701844823150966
2007-04-17,0.6744354249161797
2007-04-18,0.6659563346575597
2007-04-19,0.6690483166667511
2007-04-20,0.6707705124309635
2007-04-23,0.6608473926225342
2007-04-24,0.6625551921750319
2007-04-25,0.6678402450114682
2007-04-26,0.6711095694173662
2007-04-27,0.6658820762442785
2007-04-30,0.6633613513309532
2007-05-01,0.6631624504863323
2007-05-02,0.6643607368293736
2007-05-03,0.6645148282189977
2007-05-04,0.6666121006448598
2007-05-07,0.6692014778523543
2007-05-08,0.66682149566471
2007-05-09,0.6592787415493394
2007-05-10,0.6679637303685693
2007-05-11,0.6727767736169459
2007-05-14,0.6757294120676767
2007-05-15,0.6750618635994547
2007-05-16,0.6811327072892885
2007-05-17,0.6800526926482255
2007-05-18,0.6805508492410235
2007-05-21,0.6778852818148551
2007-05-22,0.6773557564093646
2007-05-23,0.5779270181497616
2007-05-24,0.5855461202110782
2007-05-25,0.589971326648871
2007-05-29,0.5704657432245093
2007-05-30,0.5752539504759826
2007-05-31,0.5617406526368256
2007-06-01,0.5590944877709635
2007-06-04,0.5545004821151287
2007-06-05,0.5574385511902303
2007-06-06,0.564470173661092
2007-06-07,0.5581553724792454
2007-06-08,0.5625607753915005
2007-06-11,0.5640005501050578
2007-06-12,0.5684856752346706
2007-06-13,0.5737104519744569
2007-06-14,0.5691360707177111
2007-06-15,0.544573971646493
2007-06-18,0.549418932962363
2007-06-19,0.5427856485863629
2007-06-20,0.5548788628913396
2007-06-21,0.5527738512256414
2007-06-22,0.5592549573919977
2007-06-25,0.558743012336405
2007-06-26,0.558656887957078
2007-06-27,0.5647279489792314
2007-06-28,0.5620414271151992
2007-06-29,0.562148188016218
2007-07-02,0.566979678067035
2007-07-03,0.5678406740429638
2007-07-05,0.5683537222726492
2007-07-06,0.5616668772395212
2007-07-09,0.5576050639971288
2007-07-10,0.5631075175051309
2007-07-11,0.5624950169386416
2007-07-12,0.5977499254612301
2007-07-13,0.6096919330158984
2007-07-16,0.607781795978605
2007-07-17,0.5989544926946379
2007-07-18,0.5900227115033356
2007-07-19,0.5873117204078229
2007-07-20,0.5841320330023007
2007-07-23,0.5873866958322875
2007-07-24,0.6117739013656207
2007-07-25,0.6139736021872043
2007-07-26,0.6304493578313048
2007-07-27,0.6349684213144686
2007-07-30,0.6371784401346346
2007-07-31,0.6449524844753931
2007-08-01,0.6462252129322275
2007-08-02,0.6447251008682601
2007-08-03,0.6724994449593041
2007-08-06,0.6722813317670893
2007-08-07,0.6689701937505431
2007-08-08,0.6717045729213639
2007-08-09,0.6954562593885989
2007-08-10,0.6906391738379332
2007-08-13,0.6904622033653942
2007-08-14,0.6934271565194278
2007-08-15,0.6964709307394028
2007-08-16,0.6799814438210625
2007-08-17,0.6955189419393264
2007-08-20,0.6938665393770355
2007-08-21,0.6902776348060657
2007-08-22,0.6918460334055758
2007-08-23,0.6889169393938349
2007-08-24,0.6937012252441394
2007-08-27,0.6966781719252332
2007-08-28,0.7109146917052793
2007-08-29,0.7197726769720469
2007-08-30,0.7188319782590786
2007-08-31,0.714707203337354
2007-09-04,0.7130220553555735
2007-09-05,0.7166075314378084
2007-09-06,0.7133103602066313
2007-09-07,0.7142959199962098
2007-09-10,0.7136043154812289
2007-09-11,0.7171193735101905
2007-09-12,0.7168333766196209
2007-09-13,0.718893421473229
2007-09-14,0.7165615661225273
2007-09-17,0.7154676537329203
2007-09-18,0.7257775852019923
2007-09-19,0.7257605259648506
2007-09-20,0.7260727783046114
2007-09-21,0.7250718683665782
2007-09-24,0.7239131239017337
2007-09-25,0.7209395930384799
2007-09-26,0.7191189280161733
2007-09-27,0.720246951942988
2007-09-28,0.720944974684101
2007-10-01,0.7232098239979969
2007-10-02,0.7224153823507264
2007-10-03,0.7228472264017326
2007-10-04,0.7232486370546594
2007-10-05,0.7134420641771475
2007-10-08,0.712960185271936
2007-10-09,0.7144010265947323
2007-10-10,0.7156670331342682
2007-10-11,0.7200384958249093
2007-10-12,0.7206427838106728
2007-10-15,0.7212473834549773
2007-10-16,0.7203549647752359
2007-10-17,0.709803894766529
2007-10-18,0.7099964487485247
2007-10-19,0.719178811287025
2007-10-22,0.7141311303304746
2007-10-23,0.7102692444175396
2007-10-24,0.7061449321685572
2007-10-25,0.7010920482782319
2007-10-26,0.696639295234069
2007-10-29,0.6807531188201342
2007-10-30,0.6673292976450068
2007-10-31,0.6692009277943698
2007-11-01,0.6821219236615027
2007-11-02,0.6576692594755517
2007-11-05,0.6595908346933488
2007-11-06,0.6641230140352743
2007-11-07,0.6803484466618801
2007-11-08,0.6546917436742508
2007-11-09,0.6720381740081084
2007-11-12,0.6517563436996701
2007-11-13,0.6752484724455348
2007-11-14,0.6768441223595285
2007-11-15,0.6795242165771231
2007-11-16,0.6777221884146576
2007-11-19,0.6769303891664286
2007-11-20,0.6731659028896443
2007-11-21,0.6653850798290868
2007-11-23,0.6613406221347727
2007-11-26,0.6730465002731039
2007-11-27,0.6725990492692099
2007-11-28,0.6835495704138481
2007-11-29,0.6802315825694101
2007-11-30,0.6760058086915924
2007-12-03,0.6706000595978833
2007-12-04,0.6709981914980048
2007-12-05,0.6732443687378612
2007-12-06,0.6785397811653224
2007-12-07,0.6773795464566518
2007-12-10,0.6773937063080463
2007-12-11,0.6867622427631288
2007-12-12,0.6716649619337739
2007-12-13,0.6703851467461255
2007-12-14,0.6727887070959075
2007-12-17,0.6765067677539423
2007-12-18,0.6750995061633722
2007-12-19,0.6782573672850596
2007-12-20,0.6771938151539264
2007-12-21,0.6832548582698732
2007-12-24,0.6845658190231652
2007-12-26,0.6805233938288044
2007-12-27,0.6864018332163697
2007-12-28,0.6864696767565
2007-12-31,0.6864528545403498
2008-01-02,0.6889527783341409
2008-01-03,0.6884893616931947
2008-01-04,0.6931648151186811
2008-01-07,0.6896419009708151
2008-01-08,0.6946005949449248
2008-01-09,0.6988309971515541
2008-01-10,0.6981682753809412
2008-01-11,0.7033460585955289
2008-01-14,0.7046385758529008
2008-01-15,0.716453128656689
2008-01-16,0.6939633345515402
2008-01-17,0.7017823341742413
2008-01-18,0.7000478212590825
2008-01-22,0.6870861668714008
2008-01-23,0.6809818702361511
2008-01-24,0.6756450140347187
2008-01-25,0.6795810523144956
2008-01-28,0.6891978130617196
2008-01-29,0.6836010167009748
2008-01-30,0.6757357294688815
2008-01-31,0.6810269525589906
2008-02-01,0.676096336295036
2008-02-04,0.6732308066863
2008-02-05,0.6750227978623338
2008-02-06,0.6870784533919558
2008-02-07,0.6855544149193523
2008-02-08,0.6860246352252206
2008-02-11,0.671284518430493
2008-02-12,0.6703773020768715
2008-02-13,0.6713919273512128
2008-02-14,0.6746719392010859
2008-02-15,0.673030684944301
2008-02-19,0.6737060524776448
2008-02-20,0.6710604522885731
2008-02-21,0.666930502597895
2008-02-22,0.6600077525491642
2008-02-25,0.6596289149808703
2008-02-26,0.6457379354848106
2008-02-27,0.643286849243136
2008-02-28,0.641395647914491
2008-02-29,0.6553268869901626
2008-03-03,0.6548401738080162
2008-03-04,0.6463868205789477
2008-03-05,0.6407090770548854
2008-03-06,0.6448416158014195
2008-03-07,0.6394610098684552
2008-03-10,0.6348389068815694
2008-03-11,0.6647237356814826
2008-03-12,0.6613049056487781
2008-03-13,0.6606492234902921
2008-03-14,0.6605917408855555
2008-03-17,0.655945639637919
2008-03-18,0.6796213591864946
2008-03-19,0.683372435520755
2008-03-20,0.6824299703156531
2008-03-24,0.6816170291358077
2008-03-25,0.6811725072965579
2008-03-26,0.674397176935313
2008-03-27,0.6761337535007637
2008-03-28,0.6758279325903462
2008-03-31,0.6758522314159087
2008-04-01,0.6888309922274102
2008-04-02,0.6828871165407364
2008-04-03,0.6851093075341781
2008-04-04,0.6823283296836571
2008-04-07,0.6800423868591994
2008-04-08,0.6801294610021302
2008-04-09,0.6752218123575429
2008-04-10,0.6731853812226698
2008-04-11,0.6590742672279211
2008-04-14,0.6683987648837065
2008-04-15,0.6616127096843124
2008-04-16,0.667890279681312
2008-04-17,0.6766287639533998
2008-04-18,0.6843424810389378
2008-04-21,0.6887248946806996
2008-04-22,0.6834072520988576
2008-04-23,0.6782793375207643
2008-04-24,0.6752755264435893
2008-04-25,0.6727713314815549
2008-04-28,0.6715640759870417
2008-04-29,0.6747403820352754
2008-04-30,0.6725375353807108
2008-05-01,0.6490794832939587
2008-05-02,0.648490941800689
2008-05-05,0.6524468515874581
2008-05-06,0.6555323104309625
2008-05-07,0.6615682200174285
2008-05-08,0.6628212302439794
2008-05-09,0.6623253333439861
2008-05-12,0.660417995445959
2008-05-13,0.6597892321846599
2008-05-14,0.661247147274483
2008-05-15,0.6610505683133142
2008-05-16,0.6569457068012332
2008-05-19,0.6559883349833695
2008-05-20,0.6559294851386657
2008-05-21,0.6628174275025819
2008-05-22,0.6610550603234298
2008-05-23,0.6653689748563105
2008-05-27,0.6486348393136427
2008-05-28,0.6483225215464887
2008-05-29,0.6460402502554904
2008-05-30,0.6453310987492623
2008-06-02,0.6434100557315442
2008-06-03,0.6457377597429084
2008-06-04,0.6395802497855752
2008-06-05,0.6153183360049793
2008-06-06,0.6437803367489906
2008-06-09,0.6381280323299185
2008-06-10,0.6238044853578704
2008-06-11,0.6328711812799244
2008-06-12,0.5929455788875121
2008-06-13,0.5748472351488788
2008-06-16,0.5603161616319464
2008-06-17,0.5563693242762231
2008-06-18,0.5599672908662797
2008-06-19,0.5623545414012712
2008-06-20,0.5670017524338559
2008-06-23,0.5618586746304548
2008-06-24,0.5554918340906475
2008-06-25,0.5166732566095864
2008-06-26,0.5464855629717045
2008-06-27,0.5493131948284965
2008-06-30,0.5473201525103412
2008-07-01,0.5462917554581656
2008-07-02,0.5457163189261726
2008-07-03,0.5500217512851693
2008-07-07,0.5500181182777009
2008-07-08,0.5414504948068697
2008-07-09,0.5558385643311725
2008-07-10,0.5566864096402654
2008-07-11,0.5440432663873118
2008-07-14,0.5402535047624186
2008-07-15,0.5264939638535947
2008-07-16,0.5098209354045555
2008-07-17,0.5030195250603161
2008-07-18,0.5002573938120369
2008-07-21,0.5030358258864934
2008-07-22,0.5104419246998997
2008-07-23,0.5037699578339775
2008-07-24,0.5145656089377932
2008-07-25,0.5145657022535247
2008-07-28,0.524201457084301
2008-07-29,0.5329643480826634
2008-07-30,0.5432970455637691
2008-07-31,0.5475955486191572
2008-08-01,0.5408597344996073
2008-08-04,0.5391248180712965
2008-08-05,0.5532433035397026
2008-08-06,0.5494529036380695
2008-08-07,0.5491947064405188
2008-08-08,0.5585348798152474
2008-08-11,0.5567720369776511
2008-08-12,0.5529374058601039
2008-08-13,0.5503879609514197
2008-08-14,0.5492457901034649
2008-08-15,0.5432931702004664
2008-08-18,0.5473883487470028
2008-08-19,0.5441990841182622
2008-08-20,0.544454618450055
2008-08-21,0.5438475002363513
2008-08-22,0.5479721714030453
2008-08-25,0.5568529993811212
2008-08-26,0.5551543043800571
2008-08-27,0.5560419096519346
2008-08-28,0.5580769957468914
2008-08-29,0.5531536609182268
2008-09-02,0.5322358559717404
2008-09-03,0.5331531074409617
2008-09-04,0.5497514662286418
2008-09-05,0.5472489410102144
2008-09-08,0.5595758216498555
2008-09-09,0.5711816311635353
2008-09-10,0.5714554817541443
2008-09-11,0.5771070843212557
2008-09-12,0.5728670237101576
2008-09-15,0.6004186277313163
2008-09-16,0.597632611617904
2008-09-17,0.6253080297826668
2008-09-18,0.6372912619070056
2008-09-19,0.6374266276511867
2008-09-22,0.6374721724377573
2008-09-23,0.6386046633668718
2008-09-24,0.6378820924715894
2008-09-25,0.6423847466923591
2008-09-26,0.6420840835796274
2008-09-29,0.6951945422307138
2008-09-30,0.7153070331784273
2008-10-01,0.713372454003167
2008-10-02,0.7147147407344451
2008-10-03,0.7139570219732083
2008-10-06,0.717710303389542
2008-10-07,0.7348777921984019
2008-10-08,0.7339938668165316
2008-10-09,0.7645203838741469
2008-10-10,0.7463081233954137
2008-10-13,0.777697774114133
2008-10-14,0.7604794085032875
2008-10-15,0.7695322493906368
2008-10-16,0.772294546538443
2008-10-17,0.7710341919083795
2008-10-20,0.7745117885621674
2008-10-21,0.771076109695614
2008-10-22,0.7715272593515914
2008-10-23,0.7651955972491915
2008-10-24,0.7678717981871195
2008-10-27,0.7677397931933552
2008-10-28,0.7878932534437965
2008-10-29,0.782409797626087
2008-10-30,0.7811907760211412
2008-10-31,0.7814838738398437
2008-11-03,0.7799607161231671
2008-11-04,0.7820450895752361
2008-11-05,0.7874343510579485
2008-11-06,0.79093702556125
2008-11-07,0.7910217614637105
2008-11-10,0.7911015499357481
2008-11-11,0.7899135540877145
2008-11-12,0.7940888193708314
2008-11-13,0.7986306629520181
2008-11-14,0.8011254749885437
2008-11-17,0.8008792764850339
2008-11-18,0.799191742810703
2008-11-19,0.8028196394323978
2008-11-20,0.8035576909701172
2008-11-21,0.8049499768859665
2008-11-24,0.8057547464861727
2008-11-25,0.8036987628068971
2008-11-26,0.8057012889702303
2008-11-28,0.8037572741997849
2008-12-01,0.8129701168315384
2008-12-02,0.8116913899045765
2008-12-03,0.8119136569384109
2008-12-04,0.8125439716080411
2008-12-05,0.8128471201635126
2008-12-08,0.8116008525502437
2008-12-09,0.8104185132640556
2008-12-10,0.8107728151020546
2008-12-11,0.8090165658481409
2008-12-12,0.8078393849087607
2008-12-15,0.8109400317136123
2008-12-16,0.8128486342670802
2008-12-17,0.8123042498689094
2008-12-18,0.8116505228852686
2008-12-19,0.8109242162597452
2008-12-22,0.8117543885338886
2008-12-23,0.8058255725515668
2008-12-24,0.8024334839448427
2008-12-26,0.8046473263276281
2008-12-29,0.8051794103051588
2008-12-30,0.8062513730650764
2008-12-31,0.8057686956505264
2009-01-02,0.8042197263630276
2009-01-05,0.8044306562372489
2009-01-06,0.7974033905706155
2009-01-07,0.8104173607029121
2009-01-08,0.7984316180249185
2009-01-09,0.81262567440669
2009-01-12,0.8086410668479498
2009-01-13,0.8070887908935571
2009-01-14,0.8100455121218444
2009-01-15,0.8051257673609991
2009-01-16,0.8050399429204502
2009-01-20,0.8077786508875253
2009-01-21,0.8086140156003019
2009-01-22,0.8014986876208067
2009-01-23,0.7968513287132205
2009-01-26,0.7787193142426824
2009-01-27,0.782636600431428
2009-01-28,0.7820709045380924
2009-01-29,0.784402446953739
2009-01-30,0.7825912653024993
2009-02-02,0.7763051785745495
2009-02-03,0.768980542628561
2009-02-04,0.7641250007242604
2009-02-05,0.7642489509481686
2009-02-06,0.7658863482534011
2009-02-09,0.7606957094903126
2009-02-10,0.7635383318358017
2009-02-11,0.7562302981092345
2009-02-12,0.7481024777796185
2009-02-13,0.746849165635271
2009-02-17,0.7526546725968378
2009-02-18,0.7425334823172841
2009-02-19,0.7337962644559495
2009-02-20,0.7296974677373114
2009-02-23,0.7223828523649793
2009-02-24,0.7362399179789298
2009-02-25,0.7286417846719195
2009-02-26,0.7282085539005639
2009-02-27,0.6917546999555858
2009-03-02,0.6986073942481082
2009-03-03,0.6948606698325717
2009-03-04,0.6884851531328916
2009-03-05,0.6895659568869739
2009-03-06,0.6807766462814706
2009-03-09,0.6728441185935169
2009-03-10,0.7030755474692755
2009-03-11,0.700017781554153
2009-03-12,0.7071473381416932
2009-03-13,0.7077072963196958
2009-03-16,0.6974015985998646
2009-03-17,0.7031094507780264
2009-03-18,0.7044596026421692
2009-03-19,0.7033882416595547
2009-03-20,0.7037556665321499
2009-03-23,0.7317478180305577
2009-03-24,0.7318880940897916
2009-03-25,0.7316803378888774
2009-03-26,0.7315621609689149
2009-03-27,0.731187403290005
2009-03-30,0.7372884731610312
2009-03-31,0.7340679313786298
2009-04-01,0.7370200240026199
2009-04-02,0.7401289893871036
2009-04-03,0.7373865797897927
2009-04-06,0.7396017850234291
2009-04-07,0.7403577034879512
2009-04-08,0.7389482592863255
2009-04-09,0.7364863678617106
2009-04-13,0.7292495850888481
2009-04-14,0.7326787139239819
2009-04-15,0.7347692749204334
2009-04-16,0.7233132546740798
2009-04-17,0.7232179642328106
2009-04-20,0.7373122419799032
2009-04-21,0.7421440552314681
2009-04-22,0.7437726092315111
2009-04-23,0.7425719755331726
2009-04-24,0.7392306457955543
2009-04-27,0.736360320753212
2009-04-28,0.7377531222133636
2009-04-29,0.7443856072469662
2009-04-30,0.7463525202140321
2009-05-01,0.7467860159850996
2009-05-04,0.7468853576309521
2009-05-05,0.7429627090333757
2009-05-06,0.7470558984700035
2009-05-07,0.7319629800712708
2009-05-08,0.730928133087964
2009-05-11,0.7377986830121142
2009-05-12,0.7336836370112978
2009-05-13,0.729139530533109
2009-05-14,0.7301413860277893
2009-05-15,0.7342358168203852
2009-05-18,0.7380001567162119
2009-05-19,0.7322753747316162
2009-05-20,0.7253426656482793
2009-05-21,0.7279700362422545
2009-05-22,0.7305277357661224
2009-05-26,0.7322199385906262
2009-05-27,0.7222649524386919
2009-05-28,0.7249416261930649
2009-05-29,0.7322987691169411
2009-06-01,0.7193592042276417
2009-06-02,0.7233479946002646
2009-06-03,0.7322835541012707
2009-06-04,0.7114782279111853
2009-06-05,0.7157435119445076
2009-06-08,0.713540609732934
2009-06-09,0.7139461743109186
2009-06-10,0.716347719996869
2009-06-11,0.71187721611347
2009-06-12,0.7125720170570831
2009-06-15,0.7197162025793381
2009-06-16,0.7204189277852772
2009-06-17,0.6693576382189862
2009-06-18,0.6649775073364361
2009-06-19,0.6648230637579354
2009-06-22,0.6727684304136609
2009-06-23,0.6665663309443145
2009-06-24,0.6435933634390192
2009-06-25,0.6468960043862494
2009-06-26,0.6431553786734998
2009-06-29,0.6368954141472378
2009-06-30,0.6382752222802874
2009-07-01,0.6384473230802323
2009-07-02,0.6385956328295033
2009-07-06,0.6384182862601196
2009-07-07,0.6471356353593742
2009-07-08,0.6556094642351209
2009-07-09,0.6545648488759118
2009-07-10,0.6568223230117117
2009-07-13,0.6664905625957295
2009-07-14,0.668600105869708
2009-07-15,0.6530854001895069
2009-07-16,0.6534930283532174
2009-07-17,0.6508974589235249
2009-07-20,0.649840302932855
2009-07-21,0.6538352110511703
2009-07-22,0.6535753267284098
2009-07-23,0.6542478754410246
2009-07-24,0.6409211352098939
2009-07-27,0.6452322830066859
2009-07-28,0.6473414384814917
2009-07-29,0.6471454788900319
2009-07-30,0.6487509452585306
2009-07-31,0.6540152343686277
2009-08-03,0.6575290866420087
2009-08-04,0.65909999613555
2009-08-05,0.6501586735021154
2009-08-06,0.6555429622875406
2009-08-07,0.643075099338918
2009-08-10,0.6429216387738463
2009-08-11,0.6430714614907085
2009-08-12,0.6204267245591597
2009-08-13,0.6221142672338738
2009-08-14,0.6254705454284624
2009-08-17,0.6327858161769703
2009-08-18,0.6333134598187125
2009-08-19,0.625571267298387
2009-08-20,0.6202562155858006
2009-08-21,0.6200757591663082
2009-08-24,0.6189287521171762
2009-08-25,0.6115522945773855
2009-08-26,0.6162681691079108
2009-08-27,0.61403204713337
2009-08-28,0.6079929132070129
2009-08-31,0.610288332962649
2009-09-01,0.6228850832040409
2009-09-02,0.6226274379007654
2009-09-03,0.6239923499970627
2009-09-04,0.6315964229277943
2009-09-08,0.6362720051078115
2009-09-09,0.6191133275562603
2009-09-10,0.6129217444646724
2009-09-11,0.6129848873369268
2009-09-14,0.6154285232687237
2009-09-15,0.6150959699174939
2009-09-16,0.5928440670730091
2009-09-17,0.596677620460641
2009-09-18,0.5976115012761036
2009-09-21,0.5911572163632228
2009-09-22,0.5917884157549336
2009-09-23,0.5944689422282461
2009-09-24,0.5935703995668355
2009-09-25,0.5970876803412392
2009-09-28,0.5817494841363968
2009-09-29,0.5848194653348001
2009-09-30,0.5730334213078105
2009-10-01,0.5957427084550775
2009-10-02,0.5910218416197839
2009-10-05,0.5918685004457493
2009-10-06,0.5793281444244474
2009-10-07,0.5785977027013925
2009-10-08,0.5402705869223062
2009-10-09,0.5398753054617498
2009-10-12,0.5430987408511118
2009-10-13,0.5461021044629695
2009-10-14,0.5565198499342187
2009-10-15,0.5547426330948425
2009-10-16,0.552154074239515
2009-10-19,0.5606732368354164
2009-10-20,0.5582443275412635
2009-10-21,0.5592950730237521
2009-10-22,0.5597529441486031
2009-10-23,0.5577184673540208
2009-10-26,0.5667215287040844
2009-10-27,0.560655781346685
2009-10-28,0.5773543601122018
2009-10-29,0.6027123343672529
2009-10-30,0.632997739807325
2009-11-02,0.63651507972405
2009-11-03,0.6371524950836078
2009-11-04,0.6314094660549714
2009-11-05,0.6410992908813677
2009-11-06,0.6416819729955695
2009-11-09,0.6509114331606896
2009-11-10,0.6351457911774834
2009-11-11,0.6354040502988836
2009-11-12,0.6413121252843882
2009-11-13,0.6402524154636526
2009-11-16,0.6352763953302892
2009-11-17,0.6384751018454684
2009-11-18,0.6390211415919003
2009-11-19,0.6454493780743678
2009-11-20,0.652147116193906
2009-11-23,0.6590273452635504
2009-11-24,0.6601845220809702
2009-11-25,0.6438213702048614
2009-11-27,0.6579068900025121
2009-11-30,0.6566949949301263
2009-12-01,0.6536804729664678
2009-12-02,0.6535328498465961
2009-12-03,0.658398351130171
2009-12-04,0.6588740728223604
2009-12-07,0.6619211043815115
2009-12-08,0.6700978278735441
2009-12-09,0.6694534186100431
2009-12-10,0.6664720714997527
2009-12-11,0.6672279369539336
2009-12-14,0.6642007527753693
2009-12-15,0.6660714623175619
2009-12-16,0.6652383535254907
2009-12-17,0.6690432647693934
2009-12-18,0.666329341568926
2009-12-21,0.6691485384545949
2009-12-22,0.6652610497227223
2009-12-23,0.6662684127581533
2009-12-24,0.6673626444892473
2009-12-28,0.6505063617490321
2009-12-29,0.6598457958908538
2009-12-30,0.6605635249469042
2009-12-31,0.6569728225214366
2010-01-04,0.6681463940317017
2010-01-05,0.6675919854185333
2010-01-06,0.6659902080783268
2010-01-07,0.6625834461615931
2010-01-08,0.6608142890670228
2010-01-11,0.6502893415907558
2010-01-12,0.6516090340009353
2010-01-13,0.6550625325821151
2010-01-14,0.6560187045242468
2010-01-15,0.6675486176877473
2010-01-19,0.6713051114204613
2010-01-20,0.6756823794828324
2010-01-21,0.693921011533199
2010-01-22,0.7014406344018724
2010-01-25,0.7051518224867056
2010-01-26,0.6963482733822437
2010-01-27,0.674304939514659
2010-01-28,0.6419027622524662
2010-01-29,0.6396128039361174
2010-02-01,0.6481250042675727
2010-02-02,0.6539809953844518
2010-02-03,0.6367336594741115
2010-02-04,0.6764036160534677
2010-02-05,0.6585363849228671
2010-02-08,0.6641151357435394
2010-02-09,0.6700734361038229
2010-02-10,0.6671840865717992
2010-02-11,0.6694601118030944
2010-02-12,0.6661109908334581
2010-02-16,0.6799151840128929
2010-02-17,0.6805044338279123
2010-02-18,0.6781535207122894
2010-02-19,0.6770234155130048
2010-02-22,0.6673934486795677
2010-02-23,0.6736170868242832
2010-02-24,0.6780035670155925
2010-02-25,0.6660579109720226
2010-02-26,0.6660409448966899
2010-03-01,0.6661175418418638
2010-03-02,0.6631348404080429
2010-03-03,0.6614559098422739
2010-03-04,0.663828135356263
2010-03-05,0.6713533252483607
2010-03-08,0.6622998295331914
2010-03-09,0.6693700264707986
2010-03-10,0.6705115091822708
2010-03-11,0.6730617273238673
2010-03-12,0.6786650920668118
2010-03-15,0.675436770035154
2010-03-16,0.6763993808533584
2010-03-17,0.6714186814985104
2010-03-18,0.6741340977247086
2010-03-19,0.6710654510268689
2010-03-22,0.6704786500336619
2010-03-23,0.6725523812828142
2010-03-24,0.671466879060549
2010-03-25,0.6707854245275922
2010-03-26,0.6702897280052015
2010-03-29,0.6707427727840689
2010-03-30,0.6647305978218292
2010-03-31,0.6528170020247585
2010-04-01,0.655308373394383
2010-04-05,0.6566673647678608
2010-04-06,0.6617085422206863
2010-04-07,0.6643596087150343
2010-04-08,0.6694464895750754
2010-04-09,0.6725766900323602
2010-04-12,0.6712276022417841
2010-04-13,0.6734140159169895
2010-04-14,0.6679500486727067
2010-04-15,0.6662692154960418
2010-04-16,0.6604436738072035
2010-04-19,0.6404295623294842
2010-04-20,0.6196764218719872
2010-04-21,0.6125135258286153
2010-04-22,0.6108935501755988
2010-04-23,0.6161559817056066
2010-04-26,0.6125008832223162
2010-04-27,0.6303517962985283
2010-04-28,0.6249039123649147
2010-04-29,0.6224361331413432
2010-04-30,0.6360605113429283
2010-05-03,0.5809699631113833
2010-05-04,0.6136339961731325
2010-05-05,0.6026011666725549
2010-05-06,0.6550645506670739
2010-05-07,0.6595011698151348
2010-05-10,0.7081752309396618
2010-05-11,0.7084925215302096
2010-05-12,0.7017724599057997
2010-05-13,0.7069918235603911
2010-05-14,0.7145194416998415
2010-05-17,0.712738030390571
2010-05-18,0.7157585596303399
2010-05-19,0.708950928992498
2010-05-20,0.7462196388439277
2010-05-21,0.7464620586244395
2010-05-24,0.7496553964779072
2010-05-25,0.746987302934674
2010-05-26,0.7456093382577454
2010-05-27,0.7638038066958004
2010-05-28,0.7623439288077295
2010-06-01,0.7572273058634232
2010-06-02,0.7674605669312217
2010-06-03,0.7661046779832719
2010-06-04,0.7804907807484942
2010-06-07,0.77997500185476
2010-06-08,0.7783425451037865
2010-06-09,0.7802802430741695
2010-06-10,0.7856082447015944
2010-06-11,0.782115730163074
2010-06-14,0.7821223243774428
2010-06-15,0.7887674009147706
2010-06-16,0.7875054476160316
2010-06-17,0.78720480413438
2010-06-18,0.7878384060765162
2010-06-21,0.788484180061451
2010-06-22,0.7895771382603335
2010-06-23,0.7866666268480309
2010-06-24,0.7904359633773256
2010-06-25,0.7813700869242808
2010-06-28,0.7766828330595932
2010-06-29,0.782788862731455
2010-06-30,0.7839522293218176
2010-07-01,0.7836611491629936
2010-07-02,0.7840828701970028
2010-07-06,0.7850871659064789
2010-07-07,0.7955595881101436
2010-07-08,0.7960647597163657
2010-07-09,0.7957835078220229
2010-07-12,0.7964263537562952
2010-07-13,0.801109704726735
2010-07-14,0.7998448066648237
2010-07-15,0.8008642367618591
2010-07-16,0.8061106420310578
2010-07-19,0.8055354744458467
2010-07-20,0.8088512748746265
2010-07-21,0.8101002103145115
2010-07-22,0.8109542254041686
2010-07-23,0.8101524513819254
2010-07-26,0.810691575068231
2010-07-27,0.8119348756892606
2010-07-28,0.8100086329681021
2010-07-29,0.8061254386571208
2010-07-30,0.8070522469234419
2010-08-02,0.7999280890972432
2010-08-03,0.7976803662559097
2010-08-04,0.7837678294550899
2010-08-05,0.7839985073795773
2010-08-06,0.7824832486635245
2010-08-09,0.7816314933698651
2010-08-10,0.7781461810716979
2010-08-11,0.7864967832523424
2010-08-12,0.7813095821146991
2010-08-13,0.7832877007518839
2010-08-16,0.7610128198114123
2010-08-17,0.763154932130728
2010-08-18,0.7609954847612419
2010-08-19,0.7689503131390001
2010-08-20,0.7699253719496263
2010-08-23,0.7513065832748833
2010-08-24,0.7542364830544195
2010-08-25,0.75745809441958
2010-08-26,0.7509125103533684
2010-08-27,0.7524212318441652
2010-08-30,0.7389780510605576
2010-08-31,0.7358151657464338
2010-09-01,0.751137761519186
2010-09-02,0.7521311243733687
2010-09-03,0.7521836753522839
2010-09-07,0.7562914870514834
2010-09-08,0.7577211351219637
2010-09-09,0.7491934443352182
2010-09-10,0.7514618074340026
2010-09-13,0.7498156891441659
2010-09-14,0.7495072321350522
2010-09-15,0.7497599693822167
2010-09-16,0.7469622556153883
2010-09-17,0.7496517291963568
2010-09-20,0.748697355812748
2010-09-21,0.7624396674703667
2010-09-22,0.7677502177490275
2010-09-23,0.755578645648551
2010-09-24,0.7591253061612286
2010-09-27,0.7604794429481138
2010-09-28,0.7581938143480333
2010-09-29,0.7566733604229939
2010-09-30,0.7357307929574025
2010-10-01,0.7355928587088809
2010-10-04,0.7385360695108157
2010-10-05,0.7504869147654649
2010-10-06,0.7518456840669221
2010-10-07,0.7513682602212343
2010-10-08,0.7526908395467682
2010-10-11,0.7411030090067661
2010-10-12,0.7436110109264904
2010-10-13,0.7373164380352759
2010-10-14,0.7352223307375845
2010-10-15,0.7167256175764181
2010-10-18,0.7174365820143181
2010-10-19,0.7193720653288119
2010-10-20,0.7223776324233725
2010-10-21,0.7204854667631985
2010-10-22,0.7209831586798295
2010-10-25,0.7212726133463069
2010-10-26,0.7067335342381632
2010-10-27,0.710226948290164
2010-10-28,0.7020912729251879
2010-10-29,0.6994671529781297
2010-11-01,0.6989283715405717
2010-11-02,0.6980646098294041
2010-11-03,0.6961459987999304
2010-11-04,0.6833829745917193
2010-11-05,0.6825518495271632
2010-11-08,0.6822448494763034
2010-11-09,0.6831986341996239
2010-11-10,0.6777722142046354
2010-11-11,0.6627675703256287
2010-11-12,0.6506259065705005
2010-11-15,0.6505618085968102
2010-11-16,0.6623873084091263
2010-11-17,0.6554642374753749
2010-11-18,0.6613189663374353
2010-11-19,0.6547479491888601
2010-11-22,0.6523212018233362
2010-11-23,0.6522882189678862
2010-11-24,0.6601735522389257
2010-11-26,0.6371027284113944
2010-11-29,0.6342701608007257
2010-11-30,0.6265179696504155
2010-12-01,0.6428356315342466
2010-12-02,0.6426986304281653
2010-12-03,0.6426225873200611
2010-12-06,0.6429134121865316
2010-12-07,0.6372133149956609
2010-12-08,0.6349522587366696
2010-12-09,0.6328817115640494
2010-12-10,0.6323100797925884
2010-12-13,0.6303052671295556
2010-12-14,0.6208818302392694
2010-12-15,0.621044472371753
2010-12-16,0.6227355742379574
2010-12-17,0.615613852539741
2010-12-20,0.5979312504791505
2010-12-21,0.5924691082819515
2010-12-22,0.5932786588073391
2010-12-23,0.5941098699881695
2010-12-27,0.5914923044128566
2010-12-28,0.5911963629053651
2010-12-29,0.5860235296717693
2010-12-30,0.5623058337785386
2010-12-31,0.5624389916659336
2011-01-03,0.5626569342883251
2011-01-04,0.560333017633653
2011-01-05,0.5582105343095505
2011-01-06,0.5577098445645501
2011-01-07,0.5609592496896294
2011-01-10,0.5620379541103849
2011-01-11,0.5752386558497753
2011-01-12,0.5813706972449986
2011-01-13,0.5703317100529295
2011-01-14,0.5644727174444564
2011-01-18,0.5608446752759468
2011-01-19,0.5693821334781519
2011-01-20,0.5661258646181689
2011-01-21,0.5547933797376655
2011-01-24,0.5566737981760818
2011-01-25,0.5622423285041037
2011-01-26,0.5577871669492671
2011-01-27,0.5550467236576104
2011-01-28,0.5657236560008018
2011-01-31,0.5639274334810185
2011-02-01,0.5369291837364417
2011-02-02,0.542426734724748
2011-02-03,0.5418724391263235
2011-02-04,0.5399283262848902
2011-02-07,0.5470424644467627
2011-02-08,0.5646534855229558
2011-02-09,0.556224753344449
2011-02-10,0.5374567691706588
2011-02-11,0.5146065610341222
2011-02-14,0.5090254933100489
2011-02-15,0.49238177579898235
2011-02-16,0.4922430918018291
2011-02-17,0.49069486567620907
2011-02-18,0.45492204703978095
2011-02-22,0.4700779460733582
2011-02-23,0.4543316044651643
2011-02-24,0.45505914074601844
2011-02-25,0.45284755509937985
2011-02-28,0.3954937471228202
2011-03-01,0.4000191139895549
2011-03-02,0.39994585620989287
2011-03-03,0.4221709132123942
2011-03-04,0.43521654541887533
2011-03-07,0.4441141238449819
2011-03-08,0.44956189652303635
2011-03-09,0.4472636517291746
2011-03-10,0.4873598827010951
2011-03-11,0.4928767991204054
2011-03-14,0.49419084591511436
2011-03-15,0.5060065693760702
2011-03-16,0.5392479589164757
2011-03-17,0.5531084153666948
2011-03-18,0.552223612391396
2011-03-21,0.5673093184408274
2011-03-22,0.5684705188531418
2011-03-23,0.5688349757245204
2011-03-24,0.5684283758851317
2011-03-25,0.5668368086787803
2011-03-28,0.5646109622577945
2011-03-29,0.5639401545399646
2011-03-30,0.5646852705268322
2011-03-31,0.5691797883249473
2011-04-01,0.5694098582018527
2011-04-04,0.5731954309666539
2011-04-05,0.5725012592469797
2011-04-06,0.57172522670656
2011-04-07,0.5713379802925582
2011-04-08,0.5665736490761946
2011-04-11,0.5659847676000707
2011-04-12,0.5639154364365523
2011-04-13,0.5673078181923785
2011-04-14,0.5617707134009426
2011-04-15,0.5633325720250694
2011-04-18,0.5783937532517502
2011-04-19,0.5768231441602325
2011-04-20,0.5799074127218496
2011-04-21,0.5830806949950831
2011-04-25,0.5861891378495024
2011-04-26,0.5830496369023981
2011-04-27,0.5839445870996633
2011-04-28,0.5741647147958441
2011-04-29,0.5693538791642757
2011-05-02,0.5694267331815988
2011-05-03,0.564997917426387
2011-05-04,0.5598822093555424
2011-05-05,0.5682896737535231
2011-05-06,0.5699468337078357
2011-05-09,0.5851485118741426
2011-05-10,0.589669920862889
2011-05-11,0.5948541687416451
2011-05-12,0.5878393524282497
2011-05-13,0.5923676415890105
2011-05-16,0.5933345368284593
2011-05-17,0.5908301690524984
2011-05-18,0.5797884274518268
2011-05-19,0.5856956731758733
2011-05-20,0.5946829819069873
2011-05-23,0.6001492689234323
2011-05-24,0.600622734007184
2011-05-25,0.5964749545804209
2011-05-26,0.5967457241257133
2011-05-27,0.5832847800487306
2011-05-31,0.5901629070682046
2011-06-01,0.6156489188819094
2011-06-02,0.6127286124777032
2011-06-03,0.615094814058071
2011-06-06,0.6004557340829321
2011-06-07,0.5969677448606865
2011-06-08,0.5975517394065373
2011-06-09,0.5918657579917272
2011-06-10,0.5648829064750517
2011-06-13,0.5503450643134405
2011-06-14,0.5571531207182522
2011-06-15,0.5602029148960033
2011-06-16,0.5631874218750033
2011-06-17,0.5636014897677656
2011-06-20,0.5619527160790754
2011-06-21,0.569701793556343
2011-06-22,0.5742028099827984
2011-06-23,0.5705993598629214
2011-06-24,0.5757586516002651
2011-06-27,0.5800263755184295
2011-06-28,0.5831125182328691
2011-06-29,0.5853842223278526
2011-06-30,0.5960593787172155
2011-07-01,0.6069735130541583
2011-07-05,0.6064463544701169
2011-07-06,0.6043386034385849
2011-07-07,0.6151594943591416
2011-07-08,0.6227713938326612
2011-07-11,0.6352188442856261
2011-07-12,0.6399016769180181
2011-07-13,0.6431095184068175
2011-07-14,0.6385658132455331
2011-07-15,0.639186656897563
2011-07-18,0.6410997718793792
2011-07-19,0.6460573989257821
2011-07-20,0.6430113328352983
2011-07-21,0.6384746383541208
2011-07-22,0.6345399124233135
2011-07-25,0.6384453118716419
2011-07-26,0.6359115216608522
2011-07-27,0.6478810419740346
2011-07-28,0.6530702989003742
2011-07-29,0.6582186751146124
2011-08-01,0.6531562181848444
2011-08-02,0.6718469284849863
2011-08-03,0.6707293865549204
2011-08-04,0.7313785031425695
2011-08-05,0.7240997741123049
2011-08-08,0.7922053410146132
2011-08-09,0.8090696551439913
2011-08-10,0.8292618901899802
2011-08-11,0.8449808917900778
2011-08-12,0.8422716168051402
2011-08-15,0.8445615949320071
2011-08-16,0.8394506342747841
2011-08-17,0.837854495702052
2011-08-18,0.8442338102966748
2011-08-19,0.843461691383748
2011-08-22,0.8398475258159588
2011-08-23,0.8441244668039763
2011-08-24,0.8415542506520992
2011-08-25,0.8354103298607998
2011-08-26,0.8368460406870021
2011-08-29,0.841256091018518
2011-08-30,0.8408528012573406
2011-08-31,0.8413244862048159
2011-09-01,0.8416618806296503
2011-09-02,0.8452566187134855
2011-09-06,0.8456424191276701
2011-09-07,0.8479164830742734
2011-09-08,0.8465892039499112
2011-09-09,0.8480053317991636
2011-09-12,0.8476181190102116
2011-09-13,0.8477017411422709
2011-09-14,0.8489328077060494
2011-09-15,0.851775595836123
2011-09-16,0.8485212286889607
2011-09-19,0.8497231328646242
2011-09-20,0.8500120028998539
2011-09-21,0.8527184559769567
2011-09-22,0.8557982023372631
2011-09-23,0.8555407247787951
2011-09-26,0.8569878813154436
2011-09-27,0.8558917571645381
2011-09-28,0.8569748744755874
2011-09-29,0.8558808482582256
2011-09-30,0.8557605227849854
2011-10-03,0.8572248220544543
2011-10-04,0.8563343718202547
2011-10-05,0.8554031301683764
2011-10-06,0.8538707662527985
2011-10-07,0.8507468675639137
2011-10-10,0.8558903578419402
2011-10-11,0.8553320299166778
2011-10-12,0.8572450605025692
2011-10-13,0.8571737185296178
2011-10-14,0.8588730647156794
2011-10-17,0.8601742322606265
2011-10-18,0.8615509112951744
2011-10-19,0.8596880104481244
2011-10-20,0.8582452040331463
2011-10-21,0.8577017529884803
2011-10-24,0.8549628346630055
2011-10-25,0.85466772780518
2011-10-26,0.8519323742437453
2011-10-27,0.8521190792505342
2011-10-28,0.8435501393650192
2011-10-31,0.8475623618402928
2011-11-01,0.8370912126761778
2011-11-02,0.8327850133658427
2011-11-03,0.821764880640371
2011-11-04,0.8143881106914053
2011-11-07,0.8163081953801508
2011-11-08,0.8164655389583167
2011-11-09,0.8306318245165359
2011-11-10,0.8294541754498402
2011-11-11,0.8241283131886705
2011-11-14,0.8255274595372117
2011-11-15,0.823399316462926
2011-11-16,0.8205716624701658
2011-11-17,0.8230711752519048
2011-11-18,0.8265741244911547
2011-11-21,0.8284064928307057
2011-11-22,0.8234546769567703
2011-11-23,0.8278147517940274
2011-11-25,0.8274482178037055
2011-11-28,0.8299350230745585
2011-11-29,0.822501604249462
2011-11-30,0.8336414730215622
2011-12-01,0.8309148041373453
2011-12-02,0.8304528338847407
2011-12-05,0.8257590817507797
2011-12-06,0.8252398457861604
2011-12-07,0.8248975867848966
2011-12-08,0.8261181099085979
2011-12-09,0.8260723618199194
2011-12-12,0.8311122311824345
2011-12-13,0.8316325342221036
2011-12-14,0.8311750040560003
2011-12-15,0.8269492237711793
2011-12-16,0.8213419408706132
2011-12-19,0.8235465601850287
2011-12-20,0.8276588657943394
2011-12-21,0.8260634177437576
2011-12-22,0.8227534830216247
2011-12-23,0.8244085653500417
2011-12-27,0.8198864623296263
2011-12-28,0.8168147313185733
2011-12-29,0.8178903299517604
2011-12-30,0.8196685037578826
2012-01-03,0.8226421600866114
2012-01-04,0.8254642707317886
2012-01-05,0.8125469610447851
2012-01-06,0.8134872395162889
2012-01-09,0.8138925017631905
2012-01-10,0.8141019474693166
2012-01-11,0.8123793999984568
2012-01-12,0.8102686046383433
2012-01-13,0.8081885395881031
2012-01-17,0.8126647766921782
2012-01-18,0.8130440703652013
2012-01-19,0.8148541427877192
2012-01-20,0.814388619471662
2012-01-23,0.8120146998811286
2012-01-24,0.812733693544266
2012-01-25,0.8062405494285473
2012-01-26,0.8062203291619205
2012-01-27,0.8009516791216447
2012-01-30,0.7872352112273571
2012-01-31,0.7847357382965042
2012-02-01,0.7813007485017868
2012-02-02,0.7807839022009925
2012-02-03,0.7815723623479965
2012-02-06,0.7778914637448443
2012-02-07,0.7502585621570216
2012-02-08,0.7550957618179022
2012-02-09,0.744799066849068
2012-02-10,0.7443666062988569
2012-02-13,0.7516294509542677
2012-02-14,0.746369900131416
2012-02-15,0.7439456868577232
2012-02-16,0.7458915634258234
2012-02-17,0.7345191827972867
2012-02-21,0.7276859000296122
2012-02-22,0.711808077862921
2012-02-23,0.7097446481086104
2012-02-24,0.7000786306736094
2012-02-27,0.7064050482356408
2012-02-28,0.6447098364947895
2012-02-29,0.6474207287219909
2012-03-01,0.6481239535047918
2012-03-02,0.6473227950986555
2012-03-05,0.650203823556565
2012-03-06,0.6606370551055438
2012-03-07,0.6462528248944038
2012-03-08,0.6356146765937485
2012-03-09,0.6160255174673334
2012-03-12,0.6105058862531888
2012-03-13,0.6166922199074907
2012-03-14,0.6153585726709337
2012-03-15,0.6136347625016051
2012-03-16,0.6009927944646349
2012-03-19,0.5457136930008983
2012-03-20,0.5493922924324898
2012-03-21,0.5499769814100783
2012-03-22,0.5494484982179376
2012-03-23,0.5503839341026447
2012-03-26,0.5372634852707667
2012-03-27,0.5316399757366056
2012-03-28,0.5268093022881071
2012-03-29,0.49433810745250784
2012-03-30,0.49747937643602425
2012-04-02,0.5064540666074979
2012-04-03,0.5130052889051055
2012-04-04,0.5251582074713133
2012-04-05,0.5279466538804286
2012-04-09,0.5473351622011038
2012-04-10,0.576377807179805
2012-04-11,0.5768641598840336
2012-04-12,0.5873708984146763
2012-04-13,0.5993173369754995
2012-04-16,0.5961093238215873
2012-04-17,0.6118229534220638
2012-04-18,0.6134793849740231
2012-04-19,0.6180809984765059
2012-04-20,0.610235128404711
2012-04-23,0.616432959856694
2012-04-24,0.6132852497667642
2012-04-25,0.6002123098115908
2012-04-26,0.6001084457165102
2012-04-27,0.5929694836053143
2012-04-30,0.5935402955757563
2012-05-01,0.5868444895676596
2012-05-02,0.5866506767765489
2012-05-03,0.5886476638967948
2012-05-04,0.6076027138307731
2012-05-07,0.6139488946232927
2012-05-08,0.6119029373590873
2012-05-09,0.6115676706383039
2012-05-10,0.5957661061709941
2012-05-11,0.5831166163817524
2012-05-14,0.5849812055144472
2012-05-15,0.584462656994973
2012-05-16,0.5827588845004834
2012-05-17,0.5816326017990573
2012-05-18,0.5803970631767356
2012-05-21,0.5815858243800911
2012-05-22,0.5815647718952295
2012-05-23,0.5765655543482507
2012-05-24,0.5752913182043677
2012-05-25,0.580167398984756
2012-05-29,0.5882644642334929
2012-05-30,0.5968824861246069
2012-05-31,0.5871969764610878
2012-06-01,0.6046597398810489
2012-06-04,0.600782834934455
2012-06-05,0.5982443379163133
2012-06-06,0.6285997225347961
2012-06-07,0.61370487591566
2012-06-08,0.6223593129425365
2012-06-11,0.628326261283414
2012-06-12,0.6394086998855627
2012-06-13,0.6396417345199534
2012-06-14,0.6487198618900964
2012-06-15,0.6520647001257132
2012-06-18,0.6523157842838859
2012-06-19,0.6521126818540975
2012-06-20,0.6430078071022342
2012-06-21,0.6579802891369482
2012-06-22,0.6611908147901844
2012-06-25,0.6676470213946725
2012-06-26,0.6666501264291547
2012-06-27,0.6692555890720258
2012-06-28,0.6668905793600557
2012-06-29,0.685242547691745
2012-07-02,0.6843708859892021
2012-07-03,0.6815722300784296
2012-07-05,0.6742832408051782
2012-07-06,0.675943817099547
2012-07-09,0.6726756429299401
2012-07-10,0.667948802266265
2012-07-11,0.6670095499206974
2012-07-12,0.6555936825236633
2012-07-13,0.6697485559447452
2012-07-16,0.6676165691427896
2012-07-17,0.6748690315729535
2012-07-18,0.6670396659228854
2012-07-19,0.6702442364021832
2012-07-20,0.6823504358750712
2012-07-23,0.6817627472577803
2012-07-24,0.6839580159087931
2012-07-25,0.6774053115778407
2012-07-26,0.6847594622177164
2012-07-27,0.6948543058437824
2012-07-30,0.6931974698298504
2012-07-31,0.683080713513662
2012-08-01,0.6832443134643785
2012-08-02,0.6844197474831242
2012-08-03,0.6956592843046545
2012-08-06,0.7057332822971081
2012-08-07,0.7096790894825074
2012-08-08,0.7071384009277499
2012-08-09,0.7063651806247597
2012-08-10,0.710943185112199
2012-08-13,0.7156440767696699
2012-08-14,0.7162462277785416
2012-08-15,0.7214302727665134
2012-08-16,0.7154955659489391
2012-08-17,0.7184235927139817
2012-08-20,0.719819083644657
2012-08-21,0.7188375096355663
2012-08-22,0.7151871736832758
2012-08-23,0.7139334303494753
2012-08-24,0.7167719860572175
2012-08-27,0.701280961489169
2012-08-28,0.7040285400023729
2012-08-29,0.7071968799683053
2012-08-30,0.6952481910298329
2012-08-31,0.6988819562467167
2012-09-04,0.695656112818439
2012-09-05,0.6864672348578206
2012-09-06,0.698128426293439
2012-09-07,0.6891222917621185
2012-09-10,0.6908745889450694
2012-09-11,0.686686257355287
2012-09-12,0.6846805246188364
2012-09-13,0.6943272916432384
2012-09-14,0.6981731915028343
2012-09-17,0.6794072689933053
2012-09-18,0.6802226359567052
2012-09-19,0.6716574278520413
2012-09-20,0.6717791309369809
2012-09-21,0.6702265076452845
2012-09-24,0.6706107844225435
2012-09-25,0.6502106339145579
2012-09-26,0.6527700571955549
2012-09-27,0.653081654543499
2012-09-28,0.6558332895375244
2012-10-01,0.6508171301099889
2012-10-02,0.6528643273619125
2012-10-03,0.6471477035243454
2012-10-04,0.652594565752369
2012-10-05,0.6595977026289673
2012-10-08,0.6404631795063253
2012-10-09,0.6442293503214346
2012-10-10,0.638087722900157
2012-10-11,0.6460863497851783
2012-10-12,0.6459714195204549
2012-10-15,0.6454539567888452
2012-10-16,0.6443237058649475
2012-10-17,0.6394054628573184
2012-10-18,0.6492131450085016
2012-10-19,0.6545391948919701
2012-10-22,0.6336954771639358
2012-10-23,0.6520222886489829
2012-10-24,0.6508223045424156
2012-10-25,0.6466102065312084
2012-10-26,0.6412066180869911
2012-10-31,0.6100844906617627
2012-11-01,0.6140184320033578
2012-11-02,0.6187671157733169
2012-11-05,0.6175357592630208
2012-11-06,0.6247574502634264
2012-11-07,0.6579959496577218
2012-11-08,0.6598919916238026
2012-11-09,0.6591381098087059
2012-11-12,0.6583080366280041
2012-11-13,0.6677138093101564
2012-11-14,0.6652554092574063
2012-11-15,0.6608203022954013
2012-11-16,0.661607177461795
2012-11-19,0.6788934107143788
2012-11-20,0.674230510689236
2012-11-21,0.6729086769222096
2012-11-23,0.6844968987258857
2012-11-26,0.6818926093488221
2012-11-27,0.6821387708177185
2012-11-28,0.6790805004433956
2012-11-29,0.6747178345910332
2012-11-30,0.6751084758768091
2012-12-03,0.6795012313283014
2012-12-04,0.6540960280688661
2012-12-05,0.6564269060321758
2012-12-06,0.652888961753394
2012-12-07,0.6540463339725379
2012-12-10,0.6579988425495371
2012-12-11,0.6434859300909119
2012-12-12,0.6437699579771924
2012-12-13,0.6450946393905489
2012-12-14,0.6425172447129734
2012-12-17,0.6477890282270463
2012-12-18,0.6529768995626676
2012-12-19,0.6548599170500948
2012-12-20,0.6572956039558366
2012-12-21,0.657454758553285
2012-12-24,0.6587423091746007
2012-12-26,0.6561812628742112
2012-12-27,0.6558325201352674
2012-12-28,0.6634334443747906
2012-12-31,0.6736881537681508
2013-01-02,0.7040617957143224
2013-01-03,0.7037394118306446
2013-01-04,0.7030631070252084
2013-01-07,0.702763678573924
2013-01-08,0.7002882479913951
2013-01-09,0.7001683801948166
2013-01-10,0.7025324210075461
2013-01-11,0.7037308898685997
2013-01-14,0.700000080870874
2013-01-15,0.7004871824821546
2013-01-16,0.6987933256548218
2013-01-17,0.695211131646652
2013-01-18,0.6745398428058387
2013-01-22,0.6755285512108011
2013-01-23,0.6644001166264129
2013-01-24,0.6568773852291566
2013-01-25,0.655999432741899
2013-01-28,0.6549952090300993
2013-01-29,0.6581129776924761
2013-01-30,0.6566703394129664
2013-01-31,0.6492946698941799
2013-02-01,0.6544643134345525
2013-02-04,0.6555967671951339
2013-02-05,0.6265898170483982
2013-02-06,0.6181757271057676
2013-02-07,0.6162234797760536
2013-02-08,0.6155745844592675
2013-02-11,0.6120877647690053
2013-02-12,0.605274121148862
2013-02-13,0.6055044242904465
2013-02-14,0.6031003630695021
2013-02-15,0.5774197655199029
2013-02-19,0.5795094524219627
2013-02-20,0.587143882587538
2013-02-21,0.568495732486398
2013-02-22,0.5725768599449642
2013-02-25,0.596589489613871
2013-02-26,0.5968514689042899
2013-02-27,0.6086024832163104
2013-02-28,0.6101247235144204
2013-03-01,0.6072208289819121
2013-03-04,0.6051739802347929
2013-03-05,0.6113555120475846
2013-03-06,0.609215716786832
2013-03-07,0.6098298617493867
2013-03-08,0.6093661302300374
2013-03-11,0.6098734156955464
2013-03-12,0.6123014414744344
2013-03-13,0.6109276280011455
2013-03-14,0.6131170619051535
2013-03-15,0.6011263397769749
2013-03-18,0.597680857796726
2013-03-19,0.5897052764909628
2013-03-20,0.5875487594279585
2013-03-21,0.5780441919346243
2013-03-22,0.5758343591291009
2013-03-25,0.5769127835049654
2013-03-26,0.5753782390138646
2013-03-27,0.560817201030644
2013-03-28,0.5457294652901012
2013-04-01,0.481748193478032
2013-04-02,0.4791373168012865
2013-04-03,0.49468249604059655
2013-04-04,0.49169147586485773
2013-04-05,0.4901294744192272
2013-04-08,0.49484135460749
2013-04-09,0.49049688494172533
2013-04-10,0.5014297534358158
2013-04-11,0.49801080373806056
2013-04-12,0.5005760503348717
2013-04-15,0.5451798295154486
2013-04-16,0.5506879790151892
2013-04-17,0.5798632765167598
2013-04-18,0.5765029862366906
2013-04-19,0.57214715091929
2013-04-22,0.5796154890430769
2013-04-23,0.5942033610478219
2013-04-24,0.5771820013422219
2013-04-25,0.5690279483944587
2013-04-26,0.5670226089113075
2013-04-29,0.5671107017130694
2013-04-30,0.5590476532235773
2013-05-01,0.5557163791959292
2013-05-02,0.5527288520058249
2013-05-03,0.5573074540683115
2013-05-06,0.5561194770475016
2013-05-07,0.5541834425280013
2013-05-08,0.5541033925051794
2013-05-09,0.557282928071136
2013-05-10,0.5600705814372527
2013-05-13,0.5620151714236773
2013-05-14,0.5611782811057281
2013-05-15,0.5579394268715067
2013-05-16,0.532962480972885
2013-05-17,0.5360769887591786
2013-05-20,0.5305614800666982
2013-05-21,0.4952681415231498
2013-05-22,0.495757057287336
2013-05-23,0.4853184983650851
2013-05-24,0.4822360394422551
2013-05-28,0.4834635751331975
2013-05-29,0.48649770652855395
2013-05-30,0.4804874489073976
2013-05-31,0.4997600354533052
2013-06-03,0.5063589603396371
2013-06-04,0.5099971347030456
2013-06-05,0.5237618960934084
2013-06-06,0.5224192600746542
2013-06-07,0.5310011743028538
2013-06-10,0.5300914427892616
2013-06-11,0.5468047387162961
2013-06-12,0.551983331787026
2013-06-13,0.5605848687223325
2013-06-14,0.5671952378892655
2013-06-17,0.5712819449834217
2013-06-18,0.5709895788975031
2013-06-19,0.581749773644
2013-06-20,0.6146683329491209
2013-06-21,0.6124468036512368
2013-06-24,0.6210999655670711
2013-06-25,0.6248504666407643
2013-06-26,0.6274385250422293
2013-06-27,0.6237778851651441
2013-06-28,0.6252257870493015
2013-07-01,0.624549214218215
2013-07-02,0.6225387669740714
2013-07-03,0.6223029083714252
2013-07-05,0.6203391132313956
2013-07-08,0.6209838125279521
2013-07-09,0.6231102242641665
2013-07-10,0.6032406702322881
2013-07-11,0.6115492535189906
2013-07-12,0.5941310116306344
2013-07-15,0.5979377210859527
2013-07-16,0.6059252233871113
2013-07-17,0.6074754638178717
2013-07-18,0.5973367512813824
2013-07-19,0.5832848185817291
2013-07-22,0.5881527841777416
2013-07-23,0.590028145291069
2013-07-24,0.5878460555229945
2013-07-25,0.5885477254752602
2013-07-26,0.5852168574452921
2013-07-29,0.5836569430964974
2013-07-30,0.5808937296683733
2013-07-31,0.583751206365196
2013-08-01,0.5879508615960036
2013-08-02,0.585233113818936
2013-08-05,0.5870404789368165
2013-08-06,0.5900010133019802
2013-08-07,0.5905655669852047
2013-08-08,0.5905957928143861
2013-08-09,0.5970890526546944
2013-08-12,0.6162785696417845
2013-08-13,0.6133902034937692
2013-08-14,0.6174070529331084
2013-08-15,0.6191197829385721
2013-08-16,0.6207050925205287
2013-08-19,0.6182066759469869
2013-08-20,0.6226702657583314
2013-08-21,0.6247156728881069
2013-08-22,0.6327909553948081
2013-08-23,0.6341502676367554
2013-08-26,0.6276262430499917
2013-08-27,0.6304618359959276
2013-08-28,0.6260607231342303
2013-08-29,0.6151168507588177
2013-08-30,0.6153166199693143
2013-09-03,0.6049948593283232
2013-09-04,0.6084920242661122
2013-09-05,0.6023235456385403
2013-09-06,0.5987524701278966
2013-09-09,0.599389989114012
2013-09-10,0.5932647873530689
2013-09-11,0.58325205627928
2013-09-12,0.5821836213038742
2013-09-13,0.569952259318278
2013-09-16,0.5180059128337003
2013-09-17,0.5244582755450352
2013-09-18,0.5131382930539645
2013-09-19,0.5112126207318897
2013-09-20,0.5133064445745072
2013-09-23,0.5044943369387008
2013-09-24,0.5037911449305932
2013-09-25,0.4995145149697156
2013-09-26,0.4996235707123188
2013-09-27,0.50400264911516
2013-09-30,0.5061922582495498
2013-10-01,0.5085950802393728
2013-10-02,0.495535348437034
2013-10-03,0.5026507953031836
2013-10-04,0.4859527472518296
2013-10-07,0.49885301373628294
2013-10-08,0.5003033475928844
2013-10-09,0.5001185563542496
2013-10-10,0.5483189084410925
2013-10-11,0.5548652154291807
2013-10-14,0.5835191704780402
2013-10-15,0.5882821411777281
2013-10-16,0.6017629637365369
2013-10-17,0.6019049630780604
2013-10-18,0.6010014805406843
2013-10-21,0.5977375993987442
2013-10-22,0.5935694282126642
2013-10-23,0.5836020255630683
2013-10-24,0.5837607815055795
2013-10-25,0.5778578557130036
2013-10-28,0.5787381662495841
2013-10-29,0.5778432667653779
2013-10-30,0.5755566324321953
2013-10-31,0.5747880857455442
2013-11-01,0.5732621744722872
2013-11-04,0.5687715123128452
2013-11-05,0.5696053602539372
2013-11-06,0.5790833175944244
2013-11-07,0.590721935946119
2013-11-08,0.5932402287439923
2013-11-11,0.5919581948570054
2013-11-12,0.5915654494558229
2013-11-13,0.5932771531028674
2013-11-14,0.5712482307379649
2013-11-15,0.5671371195563454
2013-11-18,0.5697936153097185
2013-11-19,0.5635993341265374
2013-11-20,0.5514588204771351
2013-11-21,0.5584169053195213
2013-11-22,0.5525609251783632
2013-11-25,0.547098363953411
2013-11-26,0.5518015351314037
2013-11-27,0.5500736580062908
2013-11-29,0.5509202371360467
2013-12-02,0.5453869703858965
2013-12-03,0.5338685455221691
2013-12-04,0.5333639407070018
2013-12-05,0.5381727947242535
2013-12-06,0.5458388124198474
2013-12-09,0.5458584478424006
2013-12-10,0.5483107617100049
2013-12-11,0.554108262314817
2013-12-12,0.5385782771382848
2013-12-13,0.5388994101462894
2013-12-16,0.5365925155862148
2013-12-17,0.5414344945584879
2013-12-18,0.5576758891112501
2013-12-19,0.5591950092371964
2013-12-20,0.5589843893585765
2013-12-23,0.5560596841219193
2013-12-24,0.5484411292281894
2013-12-26,0.5492574353736103
2013-12-27,0.5510680560545897
2013-12-30,0.5431822619548796
2013-12-31,0.5438727106673996
2014-01-02,0.5397788035974183
2014-01-03,0.5360235888951781
2014-01-06,0.5363794751758932
2014-01-07,0.49830132534170746
2014-01-08,0.49718994308428976
2014-01-09,0.4953543208847992
2014-01-10,0.4840271150311427
2014-01-13,0.4837723882615285
2014-01-14,0.4932216631433766
2014-01-15,0.4985473302023144
2014-01-16,0.5033820512529071
2014-01-17,0.5075594263760823
2014-01-21,0.5098159719493915
2014-01-22,0.5111327100115315
2014-01-23,0.5277930806189659
2014-01-24,0.5526997117928902
2014-01-27,0.5415822786849421
2014-01-28,0.5348426050295809
2014-01-29,0.541558391805057
2014-01-30,0.5398066004563528
2014-01-31,0.5395690936786225
2014-02-03,0.569811920082133
2014-02-04,0.5631021729210002
2014-02-05,0.5526664577483711
2014-02-06,0.5518987416358071
2014-02-07,0.5598135635740702
2014-02-10,0.5593107663308214
2014-02-11,0.5657525288239043
2014-02-12,0.5846436119231281
2014-02-13,0.5806017636056064
2014-02-14,0.5801595989370132
2014-02-18,0.577887731761339
2014-02-19,0.5802582883381948
2014-02-20,0.5749267260683275
2014-02-21,0.5831154947163636
2014-02-24,0.5908109040013072
2014-02-25,0.5897956136585139
2014-02-26,0.5886015501510257
2014-02-27,0.589592637587186
2014-02-28,0.59281355123047
2014-03-03,0.6006112133332652
2014-03-04,0.6107144940145144
2014-03-05,0.6055797004976979
2014-03-06,0.598571259726633
2014-03-07,0.5978594172211691
2014-03-10,0.5974138514378906
2014-03-11,0.5909061739937499
2014-03-12,0.5930874065674483
2014-03-13,0.6010685994408271
2014-03-14,0.6009821054461548
2014-03-17,0.6126771155519255
2014-03-18,0.6001118309381186
2014-03-19,0.6009652377900411
2014-03-20,0.6047595398913322
2014-03-21,0.6020864034450752
2014-03-24,0.5990353373890872
2014-03-25,0.5951863114763536
2014-03-26,0.5955592828532547
2014-03-27,0.594510817482414
2014-03-28,0.5960165675920337
2014-03-31,0.5978404073345227
2014-04-01,0.5963785858197436
2014-04-02,0.5969118421513512
2014-04-03,0.5969728743865946
2014-04-04,0.6011952518522862
2014-04-07,0.5974858162690936
2014-04-08,0.5999228406659969
2014-04-09,0.5945407877172347
2014-04-10,0.6082060747071013
2014-04-11,0.6053736972377839
2014-04-14,0.6083031179104592
2014-04-15,0.6097884717569659
2014-04-16,0.6168437019863058
2014-04-17,0.6172543132107738
2014-04-21,0.6096545971848842
2014-04-22,0.5948822773220119
2014-04-23,0.6030753807405452
2014-04-24,0.6053550582134859
2014-04-25,0.5977524809295225
2014-04-28,0.5936542375875329
2014-04-29,0.5929138778805765
2014-04-30,0.5524996948937798
2014-05-01,0.55494858734052
2014-05-02,0.5544605002478764
2014-05-05,0.5413621884479438
2014-05-06,0.5434032778835026
2014-05-07,0.5521036385806674
2014-05-08,0.5389359406050203
2014-05-09,0.5403795880743207
2014-05-12,0.5446547617464834
2014-05-13,0.5464077531981161
2014-05-14,0.5508614262740106
2014-05-15,0.5449849955236559
2014-05-16,0.5469000572528777
2014-05-19,0.5445975242289088
2014-05-20,0.5438464725855987
2014-05-21,0.5522147430004793
2014-05-22,0.5542415373922813
2014-05-23,0.5546552564246833
2014-05-27,0.5545204216430689
2014-05-28,0.5431557627997007
2014-05-29,0.5306788512146635
2014-05-30,0.5391189354392173
2014-06-02,0.5377811478949726
2014-06-03,0.5381022235609977
2014-06-04,0.5391197810491637
2014-06-05,0.544962563711531
2014-06-06,0.5496109822494353
2014-06-09,0.5330420301698697
2014-06-10,0.5273042315798527
2014-06-11,0.5231510220898434
2014-06-12,0.5273247229070696
2014-06-13,0.5144905091353096
2014-06-16,0.5080255748098701
2014-06-17,0.5086731377649462
2014-06-18,0.5145055201366961
2014-06-19,0.5125855210146073
2014-06-20,0.5059767490744626
2014-06-23,0.5069941215094778
2014-06-24,0.5124356874256447
2014-06-25,0.5009649057382606
2014-06-26,0.5029057040327649
2014-06-27,0.5042367096115639
2014-06-30,0.5055476289770399
2014-07-01,0.49714028772117524
2014-07-02,0.49921356652005155
2014-07-03,0.5036085817575554
2014-07-07,0.4989324461446187
2014-07-08,0.4537843219899652
2014-07-09,0.4479853351340025
2014-07-10,0.4435163713778718
2014-07-11,0.4374977828508239
2014-07-14,0.42894346977752607
2014-07-15,0.4211367557031333
2014-07-16,0.42296312218292975
2014-07-17,0.4493650692865664
2014-07-18,0.45336770982617897
2014-07-21,0.4618047112293503
2014-07-22,0.4550058871281492
2014-07-23,0.4644291388505691
2014-07-24,0.46302222723485703
2014-07-25,0.46793635111568166
2014-07-28,0.468356455524642
2014-07-29,0.4797255638380816
2014-07-30,0.4831065186528199
2014-07-31,0.5284614204609868
2014-08-01,0.5095174541090786
2014-08-04,0.5140157397012111
2014-08-05,0.5226791877050873
2014-08-06,0.5182621433909305
2014-08-07,0.5185935489478635
2014-08-08,0.5233583057521547
2014-08-11,0.529187254184037
2014-08-12,0.5306880489226172
2014-08-13,0.53514101641909
2014-08-14,0.5248375296884044
2014-08-15,0.5136056648809821
2014-08-18,0.520783932768339
2014-08-19,0.5207858147563434
2014-08-20,0.5192747743831221
2014-08-21,0.5192805024264497
2014-08-22,0.5207728593517701
2014-08-25,0.5254193372154868
2014-08-26,0.5261815552516086
2014-08-27,0.526760472935826
2014-08-28,0.5278213936299884
2014-08-29,0.5226865378606618
2014-09-02,0.5169888589414252
2014-09-03,0.5133132141865838
2014-09-04,0.5113566143436933
2014-09-05,0.5072466271074133
2014-09-08,0.4986821822706234
2014-09-09,0.5052655040898598
2014-09-10,0.5060220991363014
2014-09-11,0.5071872507775994
2014-09-12,0.5036547136017326
2014-09-15,0.5035327095402261
2014-09-16,0.5116093283059776
2014-09-17,0.5137965883945276
2014-09-18,0.5061744302738208
2014-09-19,0.5102201233100172
2014-09-22,0.5166900890792563
2014-09-23,0.5204685261426404
2014-09-24,0.5230950201573349
2014-09-25,0.5573863430984506
2014-09-26,0.5656099793771048
2014-09-29,0.5632027176214701
2014-09-30,0.5621300055780415
2014-10-01,0.5779198100853828
2014-10-02,0.5776049852236765
2014-10-03,0.5874104223131307
2014-10-06,0.5886639576804568
2014-10-07,0.5982105287230726
2014-10-08,0.6232439699949696
2014-10-09,0.6604632674806123
2014-10-10,0.6431978863996366
2014-10-13,0.652171757309164
2014-10-14,0.6436548752402185
2014-10-15,0.645434282344844
2014-10-16,0.6409348133751251
2014-10-17,0.6617625095153927
2014-10-20,0.6624638432675585
2014-10-21,0.6613726819610555
2014-10-22,0.6591405458287052
2014-10-23,0.6584444029705259
2014-10-24,0.642499610667466
2014-10-27,0.6466668911492108
2014-10-28,0.653278713967451
2014-10-29,0.6496827947566026
2014-10-30,0.6489074629266514
2014-10-31,0.6541188792636974
2014-11-03,0.6477774320461033
2014-11-04,0.6434195516425862
2014-11-05,0.6423144814436308
2014-11-06,0.6404381319131937
2014-11-07,0.6427836005745104
2014-11-10,0.6437343978838423
2014-11-11,0.6406092832176774
2014-11-12,0.6395056185278751
2014-11-13,0.6289429714750352
2014-11-14,0.6278084200620537
2014-11-17,0.6270079765872507
2014-11-18,0.6248190391758313
2014-11-19,0.6239041856153876
2014-11-20,0.6210859950228942
2014-11-21,0.6179682012847525
2014-11-24,0.6159195813156407
2014-11-25,0.6155893492602429
2014-11-26,0.6185016599933733
2014-11-28,0.5959814381617156
2014-12-01,0.5879539478500272
2014-12-02,0.5933704384796438
2014-12-03,0.5882479189853493
2014-12-04,0.5888036184449735
2014-12-05,0.5841190481445028
2014-12-08,0.5888239973951517
2014-12-09,0.5888242405467145
2014-12-10,0.6040620456362035
2014-12-11,0.6042560823240483
2014-12-12,0.6174446842845309
2014-12-15,0.6199412182789288
2014-12-16,0.6140507378566368
2014-12-17,0.6294973947163452
2014-12-18,0.651987724968471
2014-12-19,0.6350473434038075
2014-12-22,0.6330888473628776
2014-12-23,0.6348658345141878
2014-12-24,0.6358508366548175
2014-12-26,0.6282774836765952
2014-12-29,0.6280801424798793
2014-12-30,0.6269261816053155
2014-12-31,0.6353363650642587
2015-01-02,0.6292420423954073
2015-01-05,0.6349230108145321
2015-01-06,0.6226438213359824
2015-01-07,0.6327797533327382
2015-01-08,0.6385345233988078
2015-01-09,0.6462659254288954
2015-01-12,0.6484564118479754
2015-01-13,0.6542072009409478
2015-01-14,0.6455512537740373
2015-01-15,0.6464307018880162
2015-01-16,0.649424000646422
2015-01-20,0.6476384021444227
2015-01-21,0.6496385727902989
2015-01-22,0.6612099052445874
2015-01-23,0.6633514048313167
2015-01-26,0.6565314841051899
2015-01-27,0.6634133184462954
2015-01-28,0.6523666049173716
2015-01-29,0.6511384190683056
2015-01-30,0.6592227120197931
2015-02-02,0.6723687114606025
2015-02-03,0.676905272720062
2015-02-04,0.6763929945250681
2015-02-05,0.679830633341637
2015-02-06,0.675834979995902
2015-02-09,0.6745583905288115
2015-02-10,0.6746102895497528
2015-02-11,0.6761824445428654
2015-02-12,0.6712347502236227
2015-02-13,0.6695994573886227
2015-02-17,0.6701692906144059
2015-02-18,0.6688677412425335
2015-02-19,0.6700006907173088
2015-02-20,0.6718221983741839
2015-02-23,0.6709341368752579
2015-02-24,0.6713072003333348
2015-02-25,0.6697188962763632
2015-02-26,0.6861405023250701
2015-02-27,0.689732457765914
2015-03-02,0.6883939980430165
2015-03-03,0.6913373824366287
2015-03-04,0.6934142076742381
2015-03-05,0.6958136557302435
2015-03-06,0.6981703400845601
2015-03-09,0.6987064701977933
2015-03-10,0.6995517224904265
2015-03-11,0.696766925400281
2015-03-12,0.6802977140542115
2015-03-13,0.6793596198321034
2015-03-16,0.6854184687934224
2015-03-17,0.6762138271241527
2015-03-18,0.6590803548070832
2015-03-19,0.6683402515297117
2015-03-20,0.6716891404715032
2015-03-23,0.668946394401031
2015-03-24,0.6699836805958014
2015-03-25,0.668919191526393
2015-03-26,0.6688592064331087
2015-03-27,0.6634951340156873
2015-03-30,0.6641650574617364
2015-03-31,0.6667307881867044
2015-04-01,0.6542877570387027
2015-04-02,0.6543343375258931
2015-04-06,0.6542817218567092
2015-04-07,0.6399338833595867
2015-04-08,0.6368181570757643
2015-04-09,0.6341634851707837
2015-04-10,0.6195187182123598
2015-04-13,0.6206551824423555
2015-04-14,0.6181758140899455
2015-04-15,0.6179906543269229
2015-04-16,0.6195023134284072
2015-04-17,0.6242009295358997
2015-04-20,0.6145771457249694
2015-04-21,0.6125385048701432
2015-04-22,0.6145947793772907
2015-04-23,0.6022305265215581
2015-04-24,0.5989980779893045
2015-04-27,0.5964755170371807
2015-04-28,0.5812676099192574
2015-04-29,0.5611213572899167
2015-04-30,0.5504267966291516
2015-05-01,0.5493623229680304
2015-05-04,0.540101880099832
2015-05-05,0.5496455912296077
2015-05-06,0.5512321585331083
2015-05-07,0.5493765706138134
2015-05-08,0.5698344599438819
2015-05-11,0.57087424190219
2015-05-12,0.5721911955553494
2015-05-13,0.5726845138743444
2015-05-14,0.5796789717915791
2015-05-15,0.5807799534100673
2015-05-18,0.5799599045134075
2015-05-19,0.5770737065559913
2015-05-20,0.5768631049995995
2015-05-21,0.5780851802681443
2015-05-22,0.5817900970610574
2015-05-26,0.5931017825629106
2015-05-27,0.5967695815572818
2015-05-28,0.5967313972072461
2015-05-29,0.5961086028603829
2015-06-01,0.5970173413360962
2015-06-02,0.5875498113282398
2015-06-03,0.5885139964984953
2015-06-04,0.5680347411407325
2015-06-05,0.5674537912952667
2015-06-08,0.5800177532455099
2015-06-09,0.5771430519358429
2015-06-10,0.5810494501768451
2015-06-11,0.581870607980224
2015-06-12,0.5821311755113551
2015-06-15,0.5758403820551768
2015-06-16,0.5687918527922347
2015-06-17,0.5686800987153746
2015-06-18,0.5670168672029916
2015-06-19,0.5683540451090203
2015-06-22,0.5709831001895391
2015-06-23,0.5773191349687059
2015-06-24,0.5669574020683507
2015-06-25,0.562579305380082
2015-06-26,0.5655051318676789
2015-06-29,0.6014068340777865
2015-06-30,0.5958089093656904
2015-07-01,0.591642697443958
2015-07-02,0.5937609523696351
2015-07-06,0.5923815049824112
2015-07-07,0.6009434325573902
2015-07-08,0.6226060254291849
2015-07-09,0.6238904506854419
2015-07-10,0.6346378585137409
2015-07-13,0.6463324083415116
2015-07-14,0.6402465748484387
2015-07-15,0.632398680811063
2015-07-16,0.6348456345067918
2015-07-17,0.6333998636836984
2015-07-20,0.640563490270522
2015-07-21,0.6585921160126605
2015-07-22,0.6487908289453569
2015-07-23,0.640686160443902
2015-07-24,0.6522614914662607
2015-07-27,0.6540555683155425
2015-07-28,0.6533537006040924
2015-07-29,0.6573678907148949
2015-07-30,0.6472899001431391
2015-07-31,0.6374968641654966
2015-08-03,0.6355402380315949
2015-08-04,0.613671059202621
2015-08-05,0.6149831507052542
2015-08-06,0.6105819263697532
2015-08-07,0.6119523553939535
2015-08-10,0.6266995525331109
2015-08-11,0.6324287282981416
2015-08-12,0.6274827390626415
2015-08-13,0.6296387674798065
2015-08-14,0.632383732456571
2015-08-17,0.6321741803859816
2015-08-18,0.6305137119301654
2015-08-19,0.6368859478343937
2015-08-20,0.6490825066707148
2015-08-21,0.6950308172195782
2015-08-24,0.7413216037448962
2015-08-25,0.7417739347249523
2015-08-26,0.7698385617827175
2015-08-27,0.7825768826573734
2015-08-28,0.7772262302250798
2015-08-31,0.7752758620879517
2015-09-01,0.7886248333684654
2015-09-02,0.7927553477778513
2015-09-03,0.7881281990273779
2015-09-04,0.7921050406541083
2015-09-08,0.7995775907421967
2015-09-09,0.8020835168640918
2015-09-10,0.8008788826137421
2015-09-11,0.8005754569699931
2015-09-14,0.8000275770525457
2015-09-15,0.8026623528455208
2015-09-16,0.8027146491599056
2015-09-17,0.8004198256133941
2015-09-18,0.8034700722974353
2015-09-21,0.8041740574524143
2015-09-22,0.8056131480107215
2015-09-23,0.8010443217315035
2015-09-24,0.7950848085928207
2015-09-25,0.7966378991702725
2015-09-28,0.7983211159655472
2015-09-29,0.797002705538189
2015-09-30,0.8020633248093493
2015-10-01,0.7987201590672603
2015-10-02,0.7995481297867575
2015-10-05,0.8030275602138346
2015-10-06,0.8002261285729233
2015-10-07,0.8002418900160919
2015-10-08,0.8027559355194217
2015-10-09,0.8018210931162958
2015-10-12,0.8022224243595513
2015-10-13,0.8027311483249425
2015-10-14,0.7883768666154322
2015-10-15,0.7925894569853811
2015-10-16,0.7942615948649984
2015-10-19,0.7930187065955194
2015-10-20,0.7922441036961738
2015-10-21,0.7918220050419494
2015-10-22,0.7977084014305851
2015-10-23,0.7905063021105323
2015-10-26,0.7921846657735949
2015-10-27,0.7938496906377126
2015-10-28,0.7917768872230394
2015-10-29,0.7921351160378263
2015-10-30,0.7927003169481515
2015-11-02,0.7915181011160854
2015-11-03,0.7884777277442645
2015-11-04,0.788789496597055
2015-11-05,0.7890861439208534
2015-11-06,0.7869084404192479
2015-11-09,0.7885877134261963
2015-11-10,0.7874566439339329
2015-11-11,0.7868220046956913
2015-11-12,0.7865694849157618
2015-11-13,0.7810531647541133
2015-11-16,0.7702795178108726
2015-11-17,0.7441203919125222
2015-11-18,0.744438697696636
2015-11-19,0.7252786906104985
2015-11-20,0.7127387532453369
2015-11-23,0.7147442068662822
2015-11-24,0.7173120521244079
2015-11-25,0.6928121331292124
2015-11-27,0.6877179994870448
2015-11-30,0.6867324267257924
2015-12-01,0.6753523955824378
2015-12-02,0.6634112366674056
2015-12-03,0.6575224391417418
2015-12-04,0.6657136244982452
2015-12-07,0.6664303966558763
2015-12-08,0.6710205781840735
2015-12-09,0.6646283137975846
2015-12-10,0.6629767082600808
2015-12-11,0.675306562458554
2015-12-14,0.6626567263296155
2015-12-15,0.6475037960039
2015-12-16,0.6436939217047305
2015-12-17,0.6555224702908352
2015-12-18,0.673735924625214
2015-12-21,0.6748600957009955
2015-12-22,0.6678751522504144
2015-12-23,0.674775631136714
2015-12-24,0.6725045560413447
2015-12-28,0.6730103322262535
2015-12-29,0.6761381633840692
2015-12-30,0.6677017466740789
2015-12-31,0.6715242260258397
2016-01-04,0.6735589228248624
2016-01-05,0.6705471805915827
2016-01-06,0.678035614399131
2016-01-07,0.6933275417381821
2016-01-08,0.6953594168917469
2016-01-11,0.7005529943816454
2016-01-12,0.6985687363863302
2016-01-13,0.7093248124705692
2016-01-14,0.7142897016364734
2016-01-15,0.7268191824312187
2016-01-19,0.7206380170524879
2016-01-20,0.7107580214781255
2016-01-21,0.719021543527431
2016-01-22,0.7278804684149872
2016-01-25,0.7278955191593873
2016-01-26,0.7356675473726815
2016-01-27,0.7247839658278962
2016-01-28,0.7274703582627355
2016-01-29,0.7394035451391873
2016-02-01,0.7391347512552185
2016-02-02,0.7472878792459763
2016-02-03,0.744334020129651
2016-02-04,0.7432773214706605
2016-02-05,0.7398223719621829
2016-02-08,0.7315114785934769
2016-02-09,0.7306370071676899
2016-02-10,0.727701835925985
2016-02-11,0.7108693296325708
2016-02-12,0.7097463859819156
2016-02-16,0.7138071134248871
2016-02-17,0.7129583321357866
2016-02-18,0.7147410892041759
2016-02-19,0.716327344108061
2016-02-22,0.7196099020495508
2016-02-23,0.7219955600723824
2016-02-24,0.7217232119620158
2016-02-25,0.7235149722005895
2016-02-26,0.7187098665203521
2016-02-29,0.7179947751375051
2016-03-01,0.7245523824619241
2016-03-02,0.7232927695682532
2016-03-03,0.7188859118021319
2016-03-04,0.7201505476703205
2016-03-07,0.7161061444516996
2016-03-08,0.7148118440467088
2016-03-09,0.7133393503677607
2016-03-10,0.7078846483050671
2016-03-11,0.7085061962502825
2016-03-14,0.7191312011669594
2016-03-15,0.7188306821298089
2016-03-16,0.7129536648896098
2016-03-17,0.7073665549222776
2016-03-18,0.7031117474087036
2016-03-21,0.7009486717396094
2016-03-22,0.6968675256122713
2016-03-23,0.6969537923017171
2016-03-24,0.6964824101885098
2016-03-28,0.6938043733455427
2016-03-29,0.6905566620707831
2016-03-30,0.6896843789409509
2016-03-31,0.6878411268305576
2016-04-01,0.687707043696053
2016-04-04,0.6838281146530617
2016-04-05,0.6752787619410217
2016-04-06,0.672937297960593
2016-04-07,0.6800864488896082
2016-04-08,0.6811880751980404
2016-04-11,0.6720258301434803
2016-04-12,0.6727040634155486
2016-04-13,0.652440593422335
2016-04-14,0.6581133755751436
2016-04-15,0.6474945557280487
2016-04-18,0.6494135230393426
2016-04-19,0.6434055364255734
2016-04-20,0.62785781605712
2016-04-21,0.6265560071137136
2016-04-22,0.6262193787010332
2016-04-25,0.6225709286116936
2016-04-26,0.5957614164699248
2016-04-27,0.5885112756977032
2016-04-28,0.5646463921905042
2016-04-29,0.5695245020563098
2016-05-02,0.5769899629887526
2016-05-03,0.5795611053092072
2016-05-04,0.5936219081392757
2016-05-05,0.5958245684657252
2016-05-06,0.5918337731269967
2016-05-09,0.6151431058793946
2016-05-10,0.6042868570670543
2016-05-11,0.6030787666093704
2016-05-12,0.5913152648228127
2016-05-13,0.601445732520349
2016-05-16,0.6074201830208826
2016-05-17,0.6032156672723219
2016-05-18,0.57883064635464
2016-05-19,0.5636748329173885
2016-05-20,0.5573648266036808
2016-05-23,0.5625821476304596
2016-05-24,0.5647675626403863
2016-05-25,0.5390321835383737
2016-05-26,0.538100735953256
2016-05-27,0.5402960760716171
2016-05-31,0.5398346528129784
2016-06-01,0.5454482976672507
2016-06-02,0.5401286676994712
2016-06-03,0.5406420205037015
2016-06-06,0.5458425995025407
2016-06-07,0.5341029296309227
2016-06-08,0.5340187721364061
2016-06-09,0.5342752335593971
2016-06-10,0.5433157207432844
2016-06-13,0.5405216030287893
2016-06-14,0.5393276924211968
2016-06-15,0.5417267046377537
2016-06-16,0.5412948373906852
2016-06-17,0.5364390531984867
2016-06-20,0.5393064368498932
2016-06-21,0.5419704470737122
2016-06-22,0.5462608064878746
2016-06-23,0.5622532216293836
2016-06-24,0.6453514048316071
2016-06-27,0.6583371058821792
2016-06-28,0.669535516422804
2016-06-29,0.6804366291571958
2016-06-30,0.6851243271083609
2016-07-01,0.6806755490759095
2016-07-05,0.6786043476761123
2016-07-06,0.678950714439374
2016-07-07,0.672758304145039
2016-07-08,0.6829701935194511
2016-07-11,0.6850087490859026
2016-07-12,0.6853179237378159
2016-07-13,0.6850118941405429
2016-07-14,0.6850108819506441
2016-07-15,0.6981742634966082
2016-07-18,0.6948704518453869
2016-07-19,0.7068692301400759
2016-07-20,0.7018194530182871
2016-07-21,0.7081684529316862
2016-07-22,0.7156920697653191
2016-07-25,0.7123513968411493
2016-07-26,0.7067112583628805
2016-07-27,0.6952895754989256
2016-07-28,0.6919418683164416
2016-07-29,0.6896716540218961
2016-08-01,0.6834695611903784
2016-08-02,0.6820734957995531
2016-08-03,0.6814310219549402
2016-08-04,0.6749668466614167
2016-08-05,0.6738837079282458
2016-08-08,0.6756746272764229
2016-08-09,0.6672126110124965
2016-08-10,0.6629136297749503
2016-08-11,0.6612923266506721
2016-08-12,0.671894562344337
2016-08-15,0.6912618303008493
2016-08-16,0.6927484957393416
2016-08-17,0.6920196990644362
2016-08-18,0.6859749556231154
2016-08-19,0.6815772211522017
2016-08-22,0.6828375206470374
2016-08-23,0.6818835822168235
2016-08-24,0.6824417385218146
2016-08-25,0.6835121881051601
2016-08-26,0.6844825508755701
2016-08-29,0.6893666845731744
2016-08-30,0.6867567292077645
2016-08-31,0.6904977504060661
2016-09-01,0.6887671737035117
2016-09-02,0.6903071659409468
2016-09-06,0.6866223417170885
2016-09-07,0.6829014289337391
2016-09-08,0.6842106556484128
2016-09-09,0.7114102232882791
2016-09-12,0.7186225591030937
2016-09-13,0.7262300491981151
2016-09-14,0.7253372493994769
2016-09-15,0.7266485405095973
2016-09-16,0.7231851048199303
2016-09-19,0.7140608898032101
2016-09-20,0.6490912682296159
2016-09-21,0.6281935467897497
2016-09-22,0.6134472983850149
2016-09-23,0.5925039581345628
2016-09-26,0.5819508656263044
2016-09-27,0.5843261886087459
2016-09-28,0.5806471735664313
2016-09-29,0.5821265258613036
2016-09-30,0.5915428054897374
2016-10-03,0.5753773996010028
2016-10-04,0.5729664343831209
2016-10-05,0.5752285921780957
2016-10-06,0.5736374590514406
2016-10-07,0.5712350371653091
2016-10-10,0.5706664728203333
2016-10-11,0.5787669161814832
2016-10-12,0.5782340363642388
2016-10-13,0.5901088747655834
2016-10-14,0.589715660014644
2016-10-17,0.593486711286063
2016-10-18,0.5940337450247216
2016-10-19,0.5898451813177661
2016-10-20,0.6026580872528396
2016-10-21,0.5938681941920436
2016-10-24,0.5972378866643122
2016-10-25,0.5943280117943163
2016-10-26,0.5881506668875212
2016-10-27,0.5848783004106723
2016-10-28,0.5747190298362244
2016-10-31,0.5698866887091056
2016-11-01,0.569411389398055
2016-11-02,0.5694793725488706
2016-11-03,0.5707370863819359
2016-11-04,0.5698388786729697
2016-11-07,0.6105504129671586
2016-11-08,0.6091579419068427
2016-11-09,0.5901667582684527
2016-11-10,0.550955751880189
2016-11-11,0.5501553719218769
2016-11-14,0.5393879775192578
2016-11-15,0.5405035762912342
2016-11-16,0.5395029946185743
2016-11-17,0.529051012044502
2016-11-18,0.5282794122828071
2016-11-21,0.5291927798071531
2016-11-22,0.5271376385081858
2016-11-23,0.5273227083125545
2016-11-25,0.5271162419501628
2016-11-28,0.5295190632923225
2016-11-29,0.527671692085842
2016-11-30,0.5124805448243943
2016-12-01,0.5068075415700418
2016-12-02,0.5068392100719623
2016-12-05,0.4558225381213732
2016-12-06,0.43917011293848834
2016-12-07,0.4350274280464898
2016-12-08,0.43526739131076775
2016-12-09,0.4332043628082287
2016-12-12,0.42660729559926774
2016-12-13,0.42678689444253937
2016-12-14,0.4398004643783998
2016-12-15,0.4378809066386073
2016-12-16,0.4332182251370996
2016-12-19,0.4221178470494271
2016-12-20,0.41019080118669055
2016-12-21,0.4099513571176637
2016-12-22,0.40912997617840086
2016-12-23,0.4018571433830619
2016-12-27,0.39332692272247805
2016-12-28,0.40051415191549616
2016-12-29,0.39759930275739724
2016-12-30,0.3938966095875376
2017-01-03,0.3986341137656377
2017-01-04,0.3976324738081861
2017-01-05,0.40035832394678
2017-01-06,0.3865622260510418
2017-01-09,0.3921268829821549
2017-01-10,0.38915300378704726
2017-01-11,0.39132455984774783
2017-01-12,0.3947883152013757
2017-01-13,0.39354434172568387
2017-01-17,0.39232598476438735
2017-01-18,0.3884134911054483
2017-01-19,0.39507228174638565
2017-01-20,0.3904112942079511
2017-01-23,0.3972639084574626
2017-01-24,0.4074075921602901
2017-01-25,0.4111176886011975
2017-01-26,0.41979721521578794
2017-01-27,0.41676604684378216
2017-01-30,0.4254890925439998
2017-01-31,0.4230737006492998
2017-02-01,0.4189315962291653
2017-02-02,0.41001223434230905
2017-02-03,0.35579416093856897
2017-02-06,0.35507716333360595
2017-02-07,0.3517043074162337
2017-02-08,0.38382883009199736
2017-02-09,0.38534851221853816
2017-02-10,0.39548948076074775
2017-02-13,0.3959070053537047
2017-02-14,0.396947960717981
2017-02-15,0.40343070832262473
2017-02-16,0.3978965793848668
2017-02-17,0.39513188308354047
2017-02-21,0.3999408611583806
2017-02-22,0.40288007640707546
2017-02-23,0.39958564155280824
2017-02-24,0.3944223424969047
2017-02-27,0.3918080778485246
2017-02-28,0.42018028192166523
2017-03-01,0.45824974363429094
2017-03-02,0.46462905922525727
2017-03-03,0.4672971694721686
2017-03-06,0.47067698405318587
2017-03-07,0.44131197914504794
2017-03-08,0.44620907035402546
2017-03-09,0.4370361605350549
2017-03-10,0.44191598973910073
2017-03-13,0.44037060956930796
2017-03-14,0.42497720919685344
2017-03-15,0.42718579521037714
2017-03-16,0.43266760717294506
2017-03-17,0.43259473486354016
2017-03-20,0.4304243403104862
2017-03-21,0.4416643040261997
2017-03-22,0.4410545759310061
2017-03-23,0.4419687053584835
2017-03-24,0.4412298242886039
2017-03-27,0.43055300294821386
2017-03-28,0.44207984265299416
2017-03-29,0.4400824594160421
2017-03-30,0.43144129915535745
2017-03-31,0.43352590092826365
2017-04-03,0.4335132452944411
2017-04-04,0.4355773273076141
2017-04-05,0.43216732767708776
2017-04-06,0.4327821812970181
2017-04-07,0.4298425179597998
2017-04-10,0.4234416482198025
2017-04-11,0.4237616827209589
2017-04-12,0.4364852985809251
2017-04-13,0.45669180205364696
2017-04-17,0.46221596780439905
2017-04-18,0.45917011968302573
2017-04-19,0.46356356478003036
2017-04-20,0.4623839551599357
2017-04-21,0.45586108116526497
2017-04-24,0.47130784196064096
2017-04-25,0.4766492922683635
2017-04-26,0.46816445689593733
2017-04-27,0.46728784375895327
2017-04-28,0.4823795837369853
2017-05-01,0.48145664355605466
2017-05-02,0.47849108248787076
2017-05-03,0.4770952591603292
2017-05-04,0.47650668513816574
2017-05-05,0.4777375278073016
2017-05-08,0.47497299643766866
2017-05-09,0.4807307845283636
2017-05-10,0.46887279764230916
2017-05-11,0.4644317526416587
2017-05-12,0.46958103517567096
2017-05-15,0.47938479816390933
2017-05-16,0.47759406647951835
2017-05-17,0.5006287207038885
2017-05-18,0.4854551959323713
2017-05-19,0.49318613093233
2017-05-22,0.49601271298941685
2017-05-23,0.49930500628013536
2017-05-24,0.4972760332801883
2017-05-25,0.4675070534321345
2017-05-26,0.46698032376184406
2017-05-30,0.46714219686194214
2017-05-31,0.46131030344069385
2017-06-01,0.4648688478841483
2017-06-02,0.45890272108175684
2017-06-05,0.4596771862865177
2017-06-06,0.4578738622172208
2017-06-07,0.4556229328535009
2017-06-08,0.45063654477216686
2017-06-09,0.43217857066841053
2017-06-12,0.42648616612138834
2017-06-13,0.42785476728957167
2017-06-14,0.4271102599780329
2017-06-15,0.4141618717390772
2017-06-16,0.4072777135396556
2017-06-19,0.405018205012022
2017-06-20,0.4120981836108187
2017-06-21,0.4192148833229118
2017-06-22,0.4114622394288688
2017-06-23,0.41194990853528524
2017-06-26,0.41355656522861006
2017-06-27,0.4162789281363284
2017-06-28,0.42256164296358933
2017-06-29,0.41873712246648653
2017-06-30,0.41646315623975666
2017-07-03,0.4182705387580974
2017-07-05,0.4120944423198717
2017-07-06,0.42455473677579825
2017-07-07,0.42557635798170185
2017-07-10,0.42776731340358565
2017-07-11,0.4097847530680272
2017-07-12,0.4017832367143832
2017-07-13,0.4074853677967064
2017-07-14,0.4026404621134699
2017-07-17,0.397166875448759
2017-07-18,0.3950294609211302
2017-07-19,0.3800134169015271
2017-07-20,0.37861318821344303
2017-07-21,0.37789697867444005
2017-07-24,0.3778926037062691
2017-07-25,0.37856426084299166
2017-07-26,0.3701704058037563
2017-07-27,0.37242445430319143
2017-07-28,0.3672447498802328
2017-07-31,0.3712417187143254
2017-08-01,0.3675943111964754
2017-08-02,0.3667858799875809
2017-08-03,0.3632129905576618
2017-08-04,0.3618978559885397
2017-08-07,0.36183694723936644
2017-08-08,0.35849614997304285
2017-08-09,0.35369974378981983
2017-08-10,0.3768571630268136
2017-08-11,0.32892435101358963
2017-08-14,0.35347432831961356
2017-08-15,0.3458849023832341
2017-08-16,0.3443561905521147
2017-08-17,0.3841433897890495
2017-08-18,0.38596723104105224
2017-08-21,0.3912268215396139
2017-08-22,0.39729492193793786
2017-08-23,0.3992941173574953
2017-08-24,0.4024827862837476
2017-08-25,0.39661539364499454
2017-08-28,0.4021777543229919
2017-08-29,0.402983157233397
2017-08-30,0.40489769670029957
2017-08-31,0.4078431048395836
2017-09-01,0.4133303824475404
2017-09-05,0.4139740852076382
2017-09-06,0.4187732516224633
2017-09-07,0.41279969292544055
2017-09-08,0.4202182670438955
2017-09-11,0.4457094999877165
2017-09-12,0.4550542908755338
2017-09-13,0.4553939929545643
2017-09-14,0.4479922314014015
2017-09-15,0.44234253181733996
2017-09-18,0.4380616219892374
2017-09-19,0.43867417557275645
2017-09-20,0.43827430790802796
2017-09-21,0.43078538564790636
2017-09-22,0.42209554558210866
2017-09-25,0.4205647985723986
2017-09-26,0.4210971948145116
2017-09-27,0.4111243623339975
2017-09-28,0.4203000532033944
2017-09-29,0.4012580577955154
2017-10-02,0.39697424529027453
2017-10-03,0.39740744096624875
2017-10-04,0.39786034953880245
2017-10-05,0.4014194341209059
2017-10-06,0.4023811335557023
2017-10-09,0.40113493416642465
2017-10-10,0.3993141925184028
2017-10-11,0.3983662450862896
2017-10-12,0.39309476910239916
2017-10-13,0.38854540517081804
2017-10-16,0.387107782050345
2017-10-17,0.3910102610618752
2017-10-18,0.39119668209085556
2017-10-19,0.4021367636851319
2017-10-20,0.3974189872173846
2017-10-23,0.3995415085895454
2017-10-24,0.39306088336704725
2017-10-25,0.39985525494456436
2017-10-26,0.4032378171676879
2017-10-27,0.3726666454289679
2017-10-30,0.37614632324810116
2017-10-31,0.37503630563942264
2017-11-01,0.3748138455010369
2017-11-02,0.37365016084801983
2017-11-03,0.3418023947774328
2017-11-06,0.3369988149223599
2017-11-07,0.3232725021755468
2017-11-08,0.320766946437702
2017-11-09,0.3227581239884165
2017-11-10,0.2591464795611112
2017-11-13,0.2556914337200895
2017-11-14,0.2562400188665195
2017-11-15,0.25344629977419936
2017-11-16,0.24893630225218483
2017-11-17,0.26050602129697376
2017-11-20,0.2607448612465369
2017-11-21,0.2608453345111691
2017-11-22,0.2618462694489454
2017-11-24,0.2624036557353446
2017-11-27,0.2628384974087957
2017-11-28,0.2868270043071395
2017-11-29,0.27996101122471584
2017-11-30,0.29521404100855236
2017-12-01,0.29428141245946593
2017-12-04,0.2782818106307011
2017-12-05,0.2564092361155622
2017-12-06,0.2552860882328182
2017-12-07,0.2541801833234187
2017-12-08,0.2561456552832532
2017-12-11,0.2528065984110922
2017-12-12,0.24446045407499759
2017-12-13,0.23765854911074719
2017-12-14,0.24229785564381867
2017-12-15,0.24945402176964446
2017-12-18,0.2538855332012905
2017-12-19,0.25695851897169836
2017-12-20,0.254293883127649
2017-12-21,0.25733063510276927
2017-12-22,0.2586358789684045
2017-12-26,0.2582013404033948
2017-12-27,0.2605652560959988
2017-12-28,0.26168249863617005
2017-12-29,0.2670514870513462
2018-01-02,0.2631434763994754
2018-01-03,0.25668500505840497
2018-01-04,0.26233746751293074
2018-01-05,0.2616763056847589
2018-01-08,0.259298766860392
2018-01-09,0.2572870226379399
2018-01-10,0.25802633040852363
2018-01-11,0.261535202072269
2018-01-12,0.2611340813037394
2018-01-16,0.2685872489703993
2018-01-17,0.2737252307494895
2018-01-18,0.28248537198132584
2018-01-19,0.2770444927696797
2018-01-22,0.2869089777685028
2018-01-23,0.27908907002758554
2018-01-24,0.2788293415006783
2018-01-25,0.29407342905401423
2018-01-26,0.2932358839484094
2018-01-29,0.30928713323072216
2018-01-30,0.33909235641527463
2018-01-31,0.3352210550198015
2018-02-01,0.3334449913503607
2018-02-02,0.4344780420794402
2018-02-05,0.5919408772168687
2018-02-06,0.5941435525782267
2018-02-07,0.5921474807616536
2018-02-08,0.6490905904126034
2018-02-09,0.6500145947377961
2018-02-12,0.6612176013779225
2018-02-13,0.661943928034644
2018-02-14,0.6716598708928455
2018-02-15,0.6702965428921464
2018-02-16,0.66855470768355
2018-02-20,0.6609629126664089
2018-02-21,0.6656729448956384
2018-02-22,0.6637364203756195
2018-02-23,0.6688346782356002
2018-02-26,0.6700086627499553
2018-02-27,0.6756051170998176
2018-02-28,0.681682317213264
2018-03-01,0.685039345224792
2018-03-02,0.68941206511468
2018-03-05,0.693058627006492
2018-03-06,0.6936499493132697
2018-03-07,0.6952328474503223
2018-03-08,0.6948065360850693
2018-03-09,0.70280315545926
2018-03-12,0.7037252223302691
2018-03-13,0.7076262043142146
2018-03-14,0.7100275488313015
2018-03-15,0.7090768375597114
2018-03-16,0.7091932192851104
2018-03-19,0.713294454164115
2018-03-20,0.7130924026299701
2018-03-21,0.7123630447992818
2018-03-22,0.7210088166618888
2018-03-23,0.7230137364773933
2018-03-26,0.7288727040544697
2018-03-27,0.7208541400317987
2018-03-28,0.7160819321400071
2018-03-29,0.7210856735593368
2018-04-02,0.731434248035347
2018-04-03,0.7354216334666507
2018-04-04,0.7348052425468596
2018-04-05,0.7376871982541056
2018-04-06,0.7445113329480988
2018-04-09,0.7453908252629733
2018-04-10,0.7499707299675435
2018-04-11,0.7486123145822094
2018-04-12,0.7491047808572484
2018-04-13,0.7463498094777048
2018-04-16,0.748453666022156
2018-04-17,0.7485323639994419
2018-04-18,0.7462740177218271
2018-04-19,0.743743475877713
2018-04-20,0.7418319300951681
2018-04-23,0.7429953794974422
2018-04-24,0.7427070015828584
2018-04-25,0.7411704852824081
2018-04-26,0.740836449981112
2018-04-27,0.7397308386567916
2018-04-30,0.7402164606328585
2018-05-01,0.7316715755838777
2018-05-02,0.6937294815529735
2018-05-03,0.6958558819953877
2018-05-04,0.701667511312528
2018-05-07,0.6682263722961687
2018-05-08,0.6704635819783533
2018-05-09,0.6655479896026407
2018-05-10,0.6690192403767818
2018-05-11,0.6722827295174968
2018-05-14,0.6731236655112396
2018-05-15,0.6743652156295743
2018-05-16,0.679219536189478
2018-05-17,0.6715128756023548
2018-05-18,0.671976131569065
2018-05-21,0.6720076463114061
2018-05-22,0.6675753217358593
2018-05-23,0.6622298724739898
2018-05-24,0.6534760131674322
2018-05-25,0.6454721821756128
2018-05-29,0.6445340683922098
2018-05-30,0.6461806017242843
2018-05-31,0.6498435435246497
2018-06-01,0.6528067353778082
2018-06-04,0.6509832602918892
2018-06-05,0.6408896253876136
2018-06-06,0.6444470485138529
2018-06-07,0.6406165261706189
2018-06-08,0.636044061015094
2018-06-11,0.6368518061070195
2018-06-12,0.6367050831097623
2018-06-13,0.6308212175356013
2018-06-14,0.6312416045415932
2018-06-15,0.6310443021200394
2018-06-18,0.6078512216850511
2018-06-19,0.5979581757003509
2018-06-20,0.5791214427760092
2018-06-21,0.5825865144514393
2018-06-22,0.5855219674350277
2018-06-25,0.5792837291079218
2018-06-26,0.5442869483898392
2018-06-27,0.5280713018144958
2018-06-28,0.5273391448597973
2018-06-29,0.519396369337675
2018-07-02,0.4840238101840641
2018-07-03,0.4843955605652523
2018-07-05,0.4604811995055197
2018-07-06,0.4616952710149074
2018-07-09,0.46075582527024794
2018-07-10,0.47057577626098634
2018-07-11,0.4781966285753313
2018-07-12,0.47837941540004064
2018-07-13,0.47699542484019875
2018-07-16,0.4745957603235034
2018-07-17,0.47188871687839756
2018-07-18,0.4723504283286828
2018-07-19,0.4684230841610984
2018-07-20,0.47099357504343137
2018-07-23,0.46392452289469316
2018-07-24,0.47199082851427565
2018-07-25,0.47342357778967603
2018-07-26,0.4762858762221896
2018-07-27,0.4724307839723231
2018-07-30,0.4706614532890695
2018-07-31,0.45193252216633956
2018-08-01,0.4412883171465779
2018-08-02,0.4396479406744044
2018-08-03,0.437403639857337
2018-08-06,0.4310627406391038
2018-08-07,0.42931106974533384
2018-08-08,0.4294001415932387
2018-08-09,0.42877743412424
2018-08-10,0.43129379354832287
2018-08-13,0.44336441518458647
2018-08-14,0.44236817375621396
2018-08-15,0.43119661363000167
2018-08-16,0.44730518900669836
2018-08-17,0.45289236848319225
2018-08-20,0.4504332607294307
2018-08-21,0.44928880377199265
2018-08-22,0.44032114175456627
2018-08-23,0.42503878301502046
2018-08-24,0.4146276796167858
2018-08-27,0.41140340053551727
2018-08-28,0.4133650994031077
2018-08-29,0.41312030566316216
2018-08-30,0.40638076531994927
2018-08-31,0.40911845800957336
2018-09-04,0.4096217788728637
2018-09-05,0.40572338873551317
2018-09-06,0.4061139050709349
2018-09-07,0.40605796491201146
2018-09-10,0.4045001513672699
2018-09-11,0.40398981288249497
2018-09-12,0.3985507221083973
2018-09-13,0.3933883829048349
2018-09-14,0.3931918994496276
2018-09-17,0.3862219287673346
2018-09-18,0.38822548690561176
2018-09-19,0.37365219795356286
2018-09-20,0.383553054489005
2018-09-21,0.38500089608570004
2018-09-24,0.3838335982239222
2018-09-25,0.3872719509559537
2018-09-26,0.39741279707466565
2018-09-27,0.39600731923625554
2018-09-28,0.3915610307223899
2018-10-01,0.3907224892628026
2018-10-02,0.3828702759515946
2018-10-03,0.37356143626022104
2018-10-04,0.35048160845773657
2018-10-05,0.3489473090434765
2018-10-08,0.35480885712793025
2018-10-09,0.36123999217191144
2018-10-10,0.4716929249956013
2018-10-11,0.5196661683217464
2018-10-12,0.5182359828835904
2018-10-15,0.5177493801286052
2018-10-16,0.5400213051601952
2018-10-17,0.5335311210894962
2018-10-18,0.5361466575794933
2018-10-19,0.5256719799398384
2018-10-22,0.5324656097344894
2018-10-23,0.5332841013031443
2018-10-24,0.5506131315109781
2018-10-25,0.563948506710694
2018-10-26,0.5670446479995526
2018-10-29,0.5534033731049418
2018-10-30,0.5581172433226405
2018-10-31,0.5549274819804041
2018-11-01,0.5536210516524889
2018-11-02,0.5440049936297844
2018-11-05,0.5457345583815809
2018-11-06,0.5446364451019697
2018-11-07,0.5499965452594928
2018-11-08,0.5469237409669082
2018-11-09,0.5420521588849864
2018-11-12,0.5580612370278686
2018-11-13,0.5524932890429854
2018-11-14,0.5550897343277309
2018-11-15,0.5554928922794803
2018-11-16,0.5529102093116495
2018-11-19,0.5496173715007715
2018-11-20,0.5699190112917838
2018-11-21,0.5686752321151454
2018-11-23,0.5694145623684564
2018-11-26,0.5750652502674753
2018-11-27,0.5766628040118482
2018-11-28,0.5935947185299115
2018-11-29,0.5939082685044534
2018-11-30,0.5935161642846284
2018-12-03,0.5914356834976737
2018-12-04,0.6187260945330859
2018-12-06,0.6177216527223324
2018-12-07,0.6263916382288734
2018-12-10,0.6233735761458558
2018-12-11,0.6226818105557299
2018-12-12,0.6227642577711633
2018-12-13,0.6227202953981095
2018-12-14,0.6274776909329551
2018-12-17,0.6277456994208419
2018-12-18,0.6235030238035387
2018-12-19,0.626378626632422
2018-12-20,0.6285321484845301
2018-12-21,0.6307090075781202
2018-12-24,0.6473632299229887
2018-12-26,0.6957387940274714
2018-12-27,0.697872851186176
2018-12-28,0.6979876170628037
2018-12-31,0.7009006267305804
2019-01-02,0.699921798629778
2019-01-03,0.6997834945348906
2019-01-04,0.7151775000753113
2019-01-07,0.7155507715562448
2019-01-08,0.7068004913463191
2019-01-09,0.696680947816897
2019-01-10,0.6982461132086184
2019-01-11,0.6996207973452961
2019-01-14,0.6953018865474945
2019-01-15,0.6953154795946521
2019-01-16,0.6843062580658151
2019-01-17,0.6916215211353095
2019-01-18,0.6949383337588799
2019-01-22,0.7024837919886786
2019-01-23,0.704242653593757
2019-01-24,0.7039391208030519
2019-01-25,0.6995232649238187
2019-01-28,0.7034525584862682
2019-01-29,0.7038260605871718
2019-01-30,0.7061419082228512
2019-01-31,0.7022741732882134
2019-02-01,0.7027179714138851
2019-02-04,0.7037772906758415
2019-02-05,0.7025672380793881
2019-02-06,0.7024044287121615
2019-02-07,0.7059003008294475
2019-02-08,0.7080820255081581
2019-02-11,0.7043615430614779
2019-02-12,0.710442375949982
2019-02-13,0.7100658531485353
2019-02-14,0.7064479398053573
2019-02-15,0.7104097419368738
2019-02-19,0.7124673415991187
2019-02-20,0.7008240665327699
2019-02-21,0.7011795452199844
2019-02-22,0.7004111385262151
2019-02-25,0.6981895035628636
2019-02-26,0.6980982577607111
2019-02-27,0.6912075368781302
2019-02-28,0.6912843022137619
2019-03-01,0.6949704087286996
2019-03-04,0.6980669964289006
2019-03-05,0.6795910824463715
2019-03-06,0.6814826386772994
2019-03-07,0.6754258460298372
2019-03-08,0.6788306753473722
2019-03-11,0.6776506131460036
2019-03-12,0.675581632237691
2019-03-13,0.6789912407745431
2019-03-14,0.674740224821671
2019-03-15,0.669363305684971
2019-03-18,0.6735631293713535
2019-03-19,0.6713863703547271
2019-03-20,0.6652424811900703
2019-03-21,0.6556064737568934
2019-03-22,0.6361272030392671
2019-03-25,0.5512558682678135
2019-03-26,0.5529560348626654
2019-03-27,0.5557070315702661
2019-03-28,0.5545803379176337
2019-03-29,0.557615970706493
2019-04-01,0.5425021256772851
2019-04-02,0.48551864008347306
2019-04-03,0.4861641430268486
2019-04-04,0.4858637148657281
2019-04-05,0.49087560963969523
2019-04-08,0.4890460697971181
2019-04-09,0.49754587856417576
2019-04-10,0.4971001283621434
2019-04-11,0.4995596314603854
2019-04-12,0.5020049990937823
2019-04-15,0.49539309465108294
2019-04-16,0.4841550119912538
2019-04-17,0.46106138159943677
2019-04-18,0.4648286438075052
2019-04-22,0.4655682979586853
2019-04-23,0.4737456000211256
2019-04-24,0.47270919384658683
2019-04-25,0.4543933918036358
2019-04-26,0.42803656794099804
2019-04-29,0.43673221323554
2019-04-30,0.4423045793625457
2019-05-01,0.4423212505725287
2019-05-02,0.4433439831509266
2019-05-03,0.44880829624733487
2019-05-06,0.43904181772561185
2019-05-07,0.4658527768925033
2019-05-08,0.4669803716481593
2019-05-09,0.45091229368562863
2019-05-10,0.4512128437315635
2019-05-13,0.4964332697522127
2019-05-14,0.4889204262389518
2019-05-15,0.48967103654732247
2019-05-16,0.4900331399609178
2019-05-17,0.4949350693969296
2019-05-20,0.49638444236635576
2019-05-21,0.49841849405327576
2019-05-22,0.4959998507783003
2019-05-23,0.5054308533932025
2019-05-24,0.5062903741223719
2019-05-28,0.5136018338325556
2019-05-29,0.5148782743550259
2019-05-30,0.5126332786476526
2019-05-31,0.5233238803061604
2019-06-03,0.5205943419109771
2019-06-04,0.5409387562451524
2019-06-05,0.5309294868359595
2019-06-06,0.5392807666399609
2019-06-07,0.5371249780744053
2019-06-10,0.5405973397584065
2019-06-11,0.5412298169180965
2019-06-12,0.5390463972723566
2019-06-13,0.5389893710083073
2019-06-14,0.5426582333005148
2019-06-17,0.5431028264434373
2019-06-18,0.530197687566523
2019-06-19,0.5312753308007394
2019-06-20,0.5334576776426043
2019-06-21,0.5300940991477854
2019-06-24,0.5293592602386407
2019-06-25,0.5341424161324847
2019-06-26,0.5234156749080958
2019-06-27,0.5226830018918429
2019-06-28,0.5220391415881227
2019-07-01,0.5226896332236626
2019-07-02,0.5208006285301023
2019-07-03,0.5281841128880538
2019-07-05,0.5234447765045009
2019-07-08,0.5238197152624083
2019-07-09,0.5237715107659254
2019-07-10,0.53623631192989
2019-07-11,0.5404599615233142
2019-07-12,0.5414036917503996
2019-07-15,0.544277027198089
2019-07-16,0.5431929441151893
2019-07-17,0.5452308283736008
2019-07-18,0.5456932529697965
2019-07-19,0.5415448566286705
2019-07-22,0.5577749561938463
2019-07-23,0.5727222608051303
2019-07-24,0.5669678029475859
2019-07-25,0.5717593167407434
2019-07-26,0.568609516212291
2019-07-29,0.5657334395389764
2019-07-30,0.5584573476434039
2019-07-31,0.5613313033704875
2019-08-01,0.5597898985540313
2019-08-02,0.5596555603486396
2019-08-05,0.6126563216149046
2019-08-06,0.6151680344947209
2019-08-07,0.5910689918598
2019-08-08,0.597460226943147
2019-08-09,0.602432233859863
2019-08-12,0.6116318337695643
2019-08-13,0.6193358072480176
2019-08-14,0.6546058544229556
2019-08-15,0.6263122207000864
2019-08-16,0.636783806049146
2019-08-19,0.637976681184742
2019-08-20,0.6433788953889032
2019-08-21,0.6403820241325597
2019-08-22,0.6386399550006353
2019-08-23,0.6607371257536717
2019-08-26,0.6584524421387459
2019-08-27,0.6624984405590978
2019-08-28,0.6575519090980098
2019-08-29,0.6652213976900658
2019-08-30,0.6640153802518982
2019-09-03,0.6638660334797187
2019-09-04,0.6695543259653665
2019-09-05,0.6683567700363733
2019-09-06,0.6685009692753968
2019-09-09,0.6639939957080154
2019-09-10,0.661619351754993
2019-09-11,0.6624061508672894
2019-09-12,0.6594994238343634
2019-09-13,0.6575036913932205
2019-09-16,0.6420287096454456
2019-09-17,0.6421470500642952
2019-09-18,0.6424934458812709
2019-09-19,0.6398948331940496
2019-09-20,0.6439051808861906
2019-09-23,0.6455080843894115
2019-09-24,0.6491460269201047
2019-09-25,0.6487260920033209
2019-09-26,0.6497385625466727
2019-09-27,0.6463417227097124
2019-09-30,0.6450086268098685
2019-10-01,0.6524030626091754
2019-10-02,0.6676933266433908
2019-10-03,0.6705683700907216
2019-10-04,0.6735084299751264
2019-10-07,0.6730841965021035
2019-10-08,0.6789059176518882
2019-10-09,0.6849389672483841
2019-10-10,0.6853869251207929
2019-10-11,0.6862312791999067
2019-10-14,0.689161336516608
2019-10-15,0.6868911380916674
2019-10-16,0.6890382442040557
2019-10-17,0.6951799281435502
2019-10-18,0.6905617950503046
2019-10-21,0.6916497434307167
2019-10-22,0.6929416832398992
2019-10-23,0.696583255428847
2019-10-24,0.6924071816016825
2019-10-25,0.6784693208457443
2019-10-28,0.6787276958082284
2019-10-29,0.6489002326634173
2019-10-30,0.639465585575732
2019-10-31,0.6424709712550742
2019-11-01,0.634553165867787
2019-11-04,0.6221699202997955
2019-11-05,0.6154242299093154
2019-11-06,0.6078010756209793
2019-11-07,0.571772451367543
2019-11-08,0.5974100589650015
2019-11-11,0.5874760626274926
2019-11-12,0.5826603306396236
2019-11-13,0.5698257832357465
2019-11-14,0.5643365719521469
2019-11-15,0.5651564686275812
2019-11-18,0.5236884141352173
2019-11-19,0.5180767938145857
2019-11-20,0.5130049078337278
2019-11-21,0.5089300652378416
2019-11-22,0.5005370132080758
2019-11-25,0.5008147699912677
2019-11-26,0.4979847847564617
2019-11-27,0.48300028702995734
2019-11-29,0.48315809739067095
2019-12-02,0.485805190120121
2019-12-03,0.49710958759620816
2019-12-04,0.5001711137672185
2019-12-05,0.49713302718862273
2019-12-06,0.5134668124539007
2019-12-09,0.5176639811860951
2019-12-10,0.5320721991949273
2019-12-11,0.5326734877427505
2019-12-12,0.5384996817228804
2019-12-13,0.5378143884478576
2019-12-16,0.5342287376922872
2019-12-17,0.533319564677923
2019-12-18,0.5311801801264572
2019-12-19,0.5291254634164051
2019-12-20,0.5274889645147898
2019-12-23,0.5311537706683427
2019-12-24,0.534468959130947
2019-12-26,0.5135108802967789
2019-12-27,0.4585732793919773
2019-12-30,0.46063712547002034
2019-12-31,0.45090398824633626
2020-01-02,0.4481019394575436
2020-01-03,0.42613779127636553
2020-01-06,0.4204903771080571
2020-01-07,0.4294607707000072
2020-01-08,0.412747514219614
2020-01-09,0.41566525392275516
2020-01-10,0.4243123135427357
2020-01-13,0.42695262836739667
2020-01-14,0.42103267094234315
2020-01-15,0.41955796869800144
2020-01-16,0.42053005998705506
2020-01-17,0.4194879225737351
2020-01-21,0.42314852929681007
2020-01-22,0.42422238193654344
2020-01-23,0.4315594921587446
2020-01-24,0.42122004904392074
2020-01-27,0.44942705596737065
2020-01-28,0.4582412606999612
2020-01-29,0.4449904239293591
2020-01-30,0.44618668032673925
2020-01-31,0.5039070294388659
2020-02-03,0.5030225928962121
2020-02-04,0.5045798051193395
2020-02-05,0.5287726476752205
2020-02-06,0.5274255234993954
2020-02-07,0.5317765515734316
2020-02-10,0.5303861472888108
2020-02-11,0.5308120261264586
2020-02-12,0.5385046405101777
2020-02-13,0.5321200582314327
2020-02-14,0.5346112003146337
2020-02-18,0.5383212719902539
2020-02-19,0.5444209616337827
2020-02-20,0.5469522941515244
2020-02-21,0.5475357926508645
2020-02-24,0.6204221023887698
2020-02-25,0.6592502618487912
2020-02-26,0.6553325549591948
2020-02-27,0.715710063425357
2020-02-28,0.7001546951674802
2020-03-02,0.7342223842288903
2020-03-03,0.745990722480881
2020-03-04,0.7590130941814502
2020-03-05,0.770387429896713
2020-03-06,0.7658840832091202
2020-03-09,0.8136936640482653
2020-03-10,0.825811693258611
2020-03-11,0.8314376128763395
2020-03-12,0.8680070416027119
2020-03-13,0.8848148332941574
2020-03-16,0.8989807854990776
2020-03-17,0.8921219943581822
2020-03-18,0.8769985207373031
2020-03-19,0.8633174776446036
2020-03-20,0.8536014218881931
2020-03-23,0.8461953458700757
2020-03-24,0.8588903487745367
2020-03-25,0.8498432424963902
2020-03-26,0.8542158658257287
2020-03-27,0.8534025043946988
2020-03-30,0.8523688424630315
2020-03-31,0.8498821750211579
2020-04-01,0.8496122641392905
2020-04-02,0.8491354388892083
2020-04-03,0.8487196362799795
2020-04-06,0.8525648951197375
2020-04-07,0.8499415763492623
2020-04-08,0.8503950611560397
2020-04-09,0.8466904973776508
2020-04-13,0.8440937393891937
2020-04-14,0.841406929750859
2020-04-15,0.8408408156082512
2020-04-16,0.8392881262977925
2020-04-17,0.8373592355425767
2020-04-20,0.8377305541922725
2020-04-21,0.8388575420175579
2020-04-22,0.8389099428732699
2020-04-23,0.8387346837405156
2020-04-24,0.8398923162059999
2020-04-27,0.8388814478662561
2020-04-28,0.8376368878132794
2020-04-29,0.8352106400853211
2020-04-30,0.8345139511400758
2020-05-01,0.8343808862729775
2020-05-04,0.8335956149857042
2020-05-05,0.8335142177738032
2020-05-06,0.8335158941679947
2020-05-07,0.8332884062104398
2020-05-08,0.8337815867243965
2020-05-11,0.8340144960486271
2020-05-12,0.8341368355509882
2020-05-13,0.8342094901275081
2020-05-14,0.8335014566365814
2020-05-15,0.8330971795333999
2020-05-18,0.8332289900491221
2020-05-19,0.8324284750596513
2020-05-20,0.8318927701515648
2020-05-21,0.8320070271124578
2020-05-22,0.8306320277019188
2020-05-26,0.8298048619781001
2020-05-27,0.8280479442231998
2020-05-28,0.8267730294653491
2020-05-29,0.8256477456821216
2020-06-01,0.823763992913016
2020-06-02,0.824491219742535
2020-06-03,0.8163151378812603
2020-06-04,0.8131633003111418
2020-06-05,0.809833381439877
2020-06-08,0.786726773442552
2020-06-09,0.7686532995841899
2020-06-10,0.7280738112063185
2020-06-11,0.7407959225085425
2020-06-12,0.7454988979964269
2020-06-15,0.7557541147657338
2020-06-16,0.7593214353486449
2020-06-17,0.76555664037695
2020-06-18,0.7306991354410292
2020-06-19,0.7422263009780357
2020-06-22,0.7270175251470369
2020-06-23,0.7228946199167132
2020-06-24,0.7303389938770992
2020-06-25,0.7335781867603103
2020-06-26,0.7286259342183853
2020-06-29,0.7263018278330573
2020-06-30,0.7262437808838358
2020-07-01,0.7005167804672843
2020-07-02,0.7058238523827116
2020-07-06,0.7012413948807577
2020-07-07,0.7083488303647646
2020-07-08,0.7144732160953214
2020-07-09,0.7225867141380304
2020-07-10,0.7215719834352623
2020-07-13,0.7257799205729127
2020-07-14,0.7266418996292672
2020-07-15,0.7206820263253155
2020-07-16,0.7144902240207991
2020-07-17,0.7137911406278615
2020-07-20,0.7144468584219431
2020-07-21,0.7137485329959723
2020-07-22,0.7152191364077956
2020-07-23,0.7156766932786297
2020-07-24,0.7138595217106308
2020-07-27,0.7138654963751649
2020-07-28,0.705198229720166
2020-07-29,0.7070007943170159
2020-07-30,0.7059355287960222
2020-07-31,0.6976271952098917
2020-08-03,0.6968373464620826
2020-08-04,0.6926147605958861
2020-08-05,0.6919828098146514
2020-08-06,0.6878371869086835
2020-08-07,0.6818792632506325
2020-08-10,0.6826166383521206
2020-08-11,0.6845685662372931
2020-08-12,0.6713469998501821
2020-08-13,0.6619227535639046
2020-08-14,0.6588425249758653
2020-08-17,0.6576045516855819
2020-08-18,0.6578701278951545
2020-08-19,0.6633419063771372
2020-08-20,0.6604300403108795
2020-08-21,0.6634476629744066
2020-08-24,0.6681146222741559
2020-08-25,0.6690944985150487
2020-08-26,0.6672726607670241
2020-08-27,0.6668426179535939
2020-08-28,0.6733977229226713
2020-08-31,0.663291752252512
2020-09-01,0.6635975646471581
2020-09-02,0.6627287942172515
2020-09-03,0.6713958432157179
2020-09-04,0.5832649265793146
2020-09-08,0.6050437945089191
2020-09-09,0.6063146748369354
2020-09-10,0.6060539877725586
2020-09-11,0.6050329003246167
2020-09-14,0.6063269344507447
2020-09-15,0.6031557360136538
2020-09-16,0.5977841916144125
2020-09-17,0.5942416645028852
2020-09-18,0.5762209702319497
2020-09-21,0.5752537741352692
2020-09-22,0.5569949956321187
2020-09-23,0.5697906303819817
2020-09-24,0.567856397850804
2020-09-25,0.5656527195802371
2020-09-28,0.5706080218938976
2020-09-29,0.5710737814648257
2020-09-30,0.5763544464070246
2020-10-01,0.5734817172141825
2020-10-02,0.5676277022644352
2020-10-05,0.5612291185968037
2020-10-06,0.56646734820653
2020-10-07,0.5731629414190593
2020-10-08,0.5788968202766717
2020-10-09,0.5786794654193985
2020-10-12,0.5839872445742712
2020-10-13,0.5881220083268699
2020-10-14,0.5849782201966846
2020-10-15,0.5865900592946091
2020-10-16,0.5822860244586813
2020-10-19,0.5977744996349763
2020-10-20,0.6009529021967819
2020-10-21,0.6046838005084496
2020-10-22,0.6085016659229098
2020-10-23,0.5994471734167256
2020-10-26,0.6171709971475983
2020-10-27,0.6192396110764384
2020-10-28,0.6370690830806488
2020-10-29,0.6367936164366631
2020-10-30,0.6345421175366618
2020-11-02,0.6413263073689665
2020-11-03,0.643523121842422
2020-11-04,0.6343284291041779
2020-11-05,0.6375409262039818
2020-11-06,0.6474961292306949
2020-11-09,0.6339289577532116
2020-11-10,0.6337000223570717
2020-11-11,0.6303373960792087
2020-11-12,0.6326584595168743
2020-11-13,0.635330607258567
2020-11-16,0.6373953830865714
2020-11-17,0.6338858485274284
2020-11-18,0.6356747953223532
2020-11-19,0.6367002071279549
2020-11-20,0.6378902794347339
2020-11-23,0.6370819866566011
2020-11-24,0.6406725734127827
2020-11-25,0.645302433461362
2020-11-27,0.6465810701261905
2020-11-30,0.6385875797374465
2020-12-01,0.6396633564973973
2020-12-02,0.6186902134638086
2020-12-03,0.6163454656847543
2020-12-04,0.6073175288819038
2020-12-07,0.6091534552441117
2020-12-08,0.6082143097356009
2020-12-09,0.6084904305916095
2020-12-10,0.6121969675810732
2020-12-11,0.6146004103116345
2020-12-14,0.6129244832447182
2020-12-15,0.6142178327784641
2020-12-16,0.6155466622292093
2020-12-17,0.5986405699921364
2020-12-18,0.6009210397864975
2020-12-21,0.5947223850054656
2020-12-22,0.5935101900901186
2020-12-23,0.5881328542742486
2020-12-24,0.5855825996150241
2020-12-28,0.588167231170752
2020-12-29,0.5899536187304262
2020-12-30,0.5865768782684853
2020-12-31,0.5816119029837566
2021-01-04,0.5774880892112141
2021-01-05,0.5742159170561673
2021-01-06,0.5683416786070584
2021-01-07,0.564146571139485
2021-01-08,0.5618422348788034
2021-01-11,0.5630092010925154
2021-01-12,0.5645355801926903
2021-01-13,0.5674935775315608
2021-01-14,0.558754553523427
2021-01-15,0.5664209511001422
2021-01-19,0.5638094421025934
2021-01-20,0.5630240376563518
2021-01-21,0.561886261794091
2021-01-22,0.5481279608653519
2021-01-25,0.5455342235294569
2021-01-26,0.5079985200905044
2021-01-27,0.5139738674742313
2021-01-28,0.5122015040376804
2021-01-29,0.5286973755019532
2021-02-01,0.5270709793614136
2021-02-02,0.536749500326641
2021-02-03,0.5324089073826413
2021-02-04,0.5365170199181905
2021-02-05,0.5354996260835926
2021-02-08,0.5389346349950042
2021-02-09,0.5446764227041903
2021-02-10,0.5380838934492798
2021-02-11,0.5301389079005953
2021-02-12,0.5196594381953503
2021-02-16,0.5194790828728134
2021-02-17,0.5109747083061016
2021-02-18,0.5077284517790636
2021-02-19,0.49853587204161
2021-02-22,0.4881139606885802
2021-02-23,0.4687495016776544
2021-02-24,0.47341051374954884
2021-02-25,0.4871904416557487
2021-02-26,0.4973461853980184
2021-03-01,0.5150618256626455
2021-03-02,0.5176058898554208
2021-03-03,0.5162845201813439
2021-03-04,0.5109763014257922
2021-03-05,0.5202449419518476
2021-03-08,0.5179869188149799
2021-03-09,0.5151689764517662
2021-03-10,0.5169377120985325
2021-03-11,0.5136389384036524
2021-03-12,0.5078460312340187
2021-03-15,0.49995690389532366
2021-03-16,0.4997325351945336
2021-03-17,0.49952453359686755
2021-03-18,0.5017976869607722
2021-03-19,0.5093435062803947
2021-03-22,0.49983069457299
2021-03-23,0.49923594931931453
2021-03-24,0.4980317153987007
2021-03-25,0.49942758660610514
2021-03-26,0.5062082080294136
2021-03-29,0.5033950183279968
2021-03-30,0.5026374991177446
2021-03-31,0.49779729981317766
2021-04-01,0.49713488167668507
2021-04-05,0.500717460519048
2021-04-06,0.5025825601570252
2021-04-07,0.5039451345984067
2021-04-08,0.5054136089812771
2021-04-09,0.5038505296725425
2021-04-12,0.5066982851488503
2021-04-13,0.510600131612629
2021-04-14,0.49065309283531827
2021-04-15,0.4909423251567027
2021-04-16,0.4919823904312506
2021-04-19,0.4961303752806506
2021-04-20,0.504075538579295
2021-04-21,0.5101560624729702
2021-04-22,0.5207015932296735
2021-04-23,0.5156046050821854
2021-04-26,0.5169934162422696
2021-04-27,0.4857522439449644
2021-04-28,0.48068017884323366
2021-04-29,0.4751361626822863
2021-04-30,0.48240079594801344
2021-05-03,0.4779350027708091
2021-05-04,0.4786292233296027
2021-05-05,0.46974106718344694
2021-05-06,0.47249113516300173
2021-05-07,0.4744470712240756
2021-05-10,0.4740290770086947
2021-05-11,0.4859506911394072
2021-05-12,0.4956754034419686
2021-05-13,0.499906599888398
2021-05-14,0.5105351042400466
2021-05-17,0.5176849407583148
2021-05-18,0.5312513138371615
2021-05-19,0.533421343798888
2021-05-20,0.5296765626028587
2021-05-21,0.5144656100182112
2021-05-24,0.4993822809088703
2021-05-25,0.4742413782466241
2021-05-26,0.47130920079973554
2021-05-27,0.4718674035639528
2021-05-28,0.4763976523252141
2021-06-01,0.4541801012362693
2021-06-02,0.45662680371607633
2021-06-03,0.4633522589851653
2021-06-04,0.45839287035237064
2021-06-07,0.4646710362498225
2021-06-08,0.4663737030642662
2021-06-09,0.4762003817449779
2021-06-10,0.4710863822331575
2021-06-11,0.47183814335358987
2021-06-14,0.4705556528148615
2021-06-15,0.46814462337184015
2021-06-16,0.48111249804013073
2021-06-17,0.4835543857816872
2021-06-18,0.5169288371535845
2021-06-21,0.5374156991547546
2021-06-22,0.5244690445681183
2021-06-23,0.5296421569879662
2021-06-24,0.5389238009851154
2021-06-25,0.5386765806891549
2021-06-28,0.5334389179188228
2021-06-29,0.5359112838479154
2021-06-30,0.5401020460959429
2021-07-01,0.5388204535798334
2021-07-02,0.5395446725502435
2021-07-06,0.5456120739388555
2021-07-07,0.5430477764639507
2021-07-08,0.544957630522765
2021-07-09,0.5596812062648207
2021-07-12,0.5613599560400443
2021-07-13,0.5595727083525914
2021-07-14,0.5482416915605618
2021-07-15,0.5429415002442962
2021-07-16,0.5432409853336878
2021-07-19,0.5548194211348936
2021-07-20,0.5667317737346703
2021-07-21,0.5732784261738966
2021-07-22,0.576034457910861
2021-07-23,0.577048272993918
2021-07-26,0.5781527518616021
2021-07-27,0.575771150605975
2021-07-28,0.5691708069594015
2021-07-29,0.5743906755280834
2021-07-30,0.5780802870362172
2021-08-02,0.5735781211241109
2021-08-03,0.579644617201718
2021-08-04,0.5924624449766236
2021-08-05,0.5858188357759258
2021-08-06,0.5770693839387716
2021-08-09,0.5738442620586021
2021-08-10,0.5649743631617494
2021-08-11,0.569982033070571
2021-08-12,0.5659958186944394
2021-08-13,0.5642717429889894
2021-08-16,0.5611047802656337
2021-08-17,0.5676601836386553
2021-08-18,0.5769171520685709
2021-08-19,0.5659217846808008
2021-08-20,0.5668113515178809
2021-08-23,0.575518364650317
2021-08-24,0.5721432676776297
2021-08-25,0.5774458539403798
2021-08-26,0.5832509003794073
2021-08-27,0.5860791316983842
2021-08-30,0.5795565291136764
2021-08-31,0.5778403784021603
2021-09-01,0.5770425891984039
2021-09-02,0.5771970662562617
2021-09-03,0.5841008106750489
2021-09-07,0.5832511376031639
2021-09-08,0.582076849687808
2021-09-09,0.5857863119763976
2021-09-10,0.5839856734785052
2021-09-13,0.5944001952969888
2021-09-14,0.5734184739188918
2021-09-15,0.5539013812740285
2021-09-16,0.555865522689464
2021-09-17,0.5606431430437906
2021-09-20,0.5765628657836744
2021-09-21,0.5745217679113441
2021-09-22,0.5881895050078251
2021-09-23,0.5948509278252908
2021-09-24,0.5922743777515297
2021-09-27,0.5860104581361724
2021-09-28,0.5881540260322278
2021-09-29,0.5834625300351257
2021-09-30,0.5989153509868127
2021-10-01,0.6021980066745748
2021-10-04,0.5957769494379421
2021-10-05,0.5991222996625951
2021-10-06,0.6019074871255743
2021-10-07,0.6145741243396294
2021-10-08,0.6125825810962027
2021-10-11,0.6093925316315517
2021-10-12,0.5962252974243398
2021-10-13,0.5882662769281779
2021-10-14,0.5892459067309368
2021-10-15,0.5895331199202076
2021-10-18,0.5966814010257327
2021-10-19,0.5961219550439226
2021-10-20,0.5975282570898415
2021-10-21,0.6009072869504305
2021-10-22,0.5785274437402778
2021-10-25,0.580424285615667
2021-10-26,0.5776748548046124
2021-10-27,0.5655850152826719
2021-10-28,0.5599834933347643
2021-10-29,0.554540483593125
2021-11-01,0.5547733487875555
2021-11-02,0.552736218897133
2021-11-03,0.5479138721189302
2021-11-04,0.5439925123929814
2021-11-05,0.54261501265511
2021-11-08,0.5391403025419168
2021-11-09,0.5402339451223633
2021-11-10,0.5345144862226071
2021-11-11,0.5203484772673816
2021-11-12,0.5303994742038239
2021-11-15,0.5273498255814587
2021-11-16,0.5260391007343956
2021-11-17,0.5298399474612807
2021-11-18,0.5245182973607305
2021-11-19,0.5219671864465377
2021-11-22,0.5233134844262061
2021-11-23,0.5328901909423281
2021-11-24,0.5333149748928072
2021-11-26,0.5795672356826659
2021-11-29,0.5755451951411248
2021-11-30,0.5883419952822153
2021-12-01,0.5888981823847306
2021-12-02,0.5985069858504006
2021-12-03,0.5910938094779988
2021-12-06,0.6030804498087096
2021-12-07,0.6035147447225216
2021-12-08,0.5999851892725744
2021-12-09,0.5975594327405742
2021-12-10,0.5955159538488433
2021-12-13,0.5890439793355968
2021-12-14,0.5723380536467625
2021-12-15,0.5722179533192626
2021-12-16,0.5615814248770377
2021-12-17,0.5714880919755914
2021-12-20,0.5744747245800592
2021-12-21,0.5878139953093381
2021-12-22,0.5897868250690717
2021-12-23,0.5917690539044166
2021-12-27,0.5850274253476477
2021-12-28,0.5827015603051158
2021-12-29,0.5839301894480402
2021-12-30,0.5845121011809652
